id,sequence,label
seq_065,GGGACATGCGGTTGGATGCCTGAACCCCAAGGCCCGAGAGAATGTTTGGTCTGGAAAGAGGGGGGAGTCAGGACCACCCCGGCACAGGGGGACAGACTGGGCTCCCCGGTGACTGCTGGGTGACTTTGGGGGAGGAGAAGGAAGGCCAGCCTCCCGGCCTGATCCCTGGTGCCTGGGGAGGTGAAATGTGTCTTGTGCTG,1
seq_078,GGGACATGCGGTTGGATGCCTGAACCCCAAGGCCCGAGAGAATGTTTGGTCTGGAAAGAGGGGGGAGTCAGGACCACCCCGGCACAGGGGGACAGACTGGGCTCCCCGGTGACTGCTGGGTGACTTTGGGGGAGGAGAAGGAAGGCCAGCCTCCCGGCCTGATCCCTGGTGCCTGGGGAGGTGAAATGTGTCTTGTGCTG,1
seq_062,GGGACATGCGGTTGGATGCCTGAACCCCAAGGCCCGAGAGAATGTTTGGTCTGGAAAGAGGGGGGAGTCAGGACCACCCCGGCACAGGGGGACAGACTGGGCTCCCCGGTGACTGCTGGGTGACTTTGGGGGAGGAGAAGGAAGGCCAGCCTCCCGGCCTGATCCCTGGTGCCTGGGGAGGTGAAATGTGTCTTGTGCTG,1
seq_031,GGGACATGCGGTTGGATGCCTGAACCCCAAGGCCCGAGAGAATGTTTGGTCTGGAAAGCGGGGGGAGTCAGGACCACCCCGGCACAGGGGGACAGACTGGGCTCCCCGGTGACTGCTGGGTGACTTTGGGGGAGGAGAAGGAAGGCCAGCCTCCCGGCCTGATCCCTGGTGCCTGGGGAGGTGAAATGTGTCTTGTGCTG,0
seq_003,GGGACATGCGGTTGGATGCCTGAACCCCAAGGCCCGAGAGAATGTTTGGTCTGGAAAGCGGGGGGAGTCAGGACCACCCCGGCACAGGGGGACAGACTGGGCTCCCCGGTGACTGCTGGGTGACTTTGGGGGAGGAGAAGGAAGGCCAGCCTCCCGGCCTGATCCCTGGTGCCTGGGGAGGTGAAATGTGTCTTGTGCTG,0
seq_086,GGGACATGCGGTTGGATGCCTGAACCCCAAGGCCCGAGAGAATGTTTGGTCTGGAAAGAGGGGGGAGTCAGGACCACCCCGGCACAGGGGGACAGACTGGGCTCCCCGGTGACTGCTGGGTGACTTTGGGGGAGGAGAAGGAAGGCCAGCCTCCCGGCCTGATCCCTGGTGCCTGGGGAGGTGAAATGTGTCTTGTGCTG,1
seq_007,GGGACATGCGGTTGGATGCCTGAACCCCAAGGCCCGAGAGAATGTTTGGTCTGGAAAGCGGGGGGAGTCAGGACCACCCCGGCACAGGGGGACAGACTGGGCTCCCCGGTGACTGCTGGGTGACTTTGGGGGAGGAGAAGGAAGGCCAGCCTCCCGGCCTGATCCCTGGTGCCTGGGGAGGTGAAATGTGTCTTGTGCTG,0
seq_034,GGGACATGCGGTTGGATGCCTGAACCCCAAGGCCCGAGAGAATGTTTGGTCTGGAAAGCGGGGGGAGTCAGGACCACCCCGGCACAGGGGGACAGACTGGGCTCCCCGGTGACTGCTGGGTGACTTTGGGGGAGGAGAAGGAAGGCCAGCCTCCCGGCCTGATCCCTGGTGCCTGGGGAGGTGAAATGTGTCTTGTGCTG,0
seq_030,GGGACATGCGGTTGGATGCCTGAACCCCAAGGCCCGAGAGAATGTTTGGTCTGGAAAGCGGGGGGAGTCAGGACCACCCCGGCACAGGGGGACAGACTGGGCTCCCCGGTGACTGCTGGGTGACTTTGGGGGAGGAGAAGGAAGGCCAGCCTCCCGGCCTGATCCCTGGTGCCTGGGGAGGTGAAATGTGTCTTGTGCTG,0
seq_055,GGGACATGCGGTTGGATGCCTGAACCCCAAGGCCCGAGAGAATGTTTGGTCTGGAAAGAGGGGGGAGTCAGGACCACCCCGGCACAGGGGGACAGACTGGGCTCCCCGGTGACTGCTGGGTGACTTTGGGGGAGGAGAAGGAAGGCCAGCCTCCCGGCCTGATCCCTGGTGCCTGGGGAGGTGAAATGTGTCTTGTGCTG,1
seq_004,GGGACATGCGGTTGGATGCCTGAACCCCAAGGCCCGAGAGAATGTTTGGTCTGGAAAGCGGGGGGAGTCAGGACCACCCCGGCACAGGGGGACAGACTGGGCTCCCCGGTGACTGCTGGGTGACTTTGGGGGAGGAGAAGGAAGGCCAGCCTCCCGGCCTGATCCCTGGTGCCTGGGGAGGTGAAATGTGTCTTGTGCTG,0
seq_093,GGGACATGCGGTTGGATGCCTGAACCCCAAGGCCCGAGAGAATGTTTGGTCTGGAAAGAGGGGGGAGTCAGGACCACCCCGGCACAGGGGGACAGACTGGGCTCCCCGGTGACTGCTGGGTGACTTTGGGGGAGGAGAAGGAAGGCCAGCCTCCCGGCCTGATCCCTGGTGCCTGGGGAGGTGAAATGTGTCTTGTGCTG,1
seq_039,GGGACATGCGGTTGGATGCCTGAACCCCAAGGCCCGAGAGAATGTTTGGTCTGGAAAGCGGGGGGAGTCAGGACCACCCCGGCACAGGGGGACAGACTGGGCTCCCCGGTGACTGCTGGGTGACTTTGGGGGAGGAGAAGGAAGGCCAGCCTCCCGGCCTGATCCCTGGTGCCTGGGGAGGTGAAATGTGTCTTGTGCTG,0
seq_044,GGGACATGCGGTTGGATGCCTGAACCCCAAGGCCCGAGAGAATGTTTGGTCTGGAAAGCGGGGGGAGTCAGGACCACCCCGGCACAGGGGGACAGACTGGGCTCCCCGGTGACTGCTGGGTGACTTTGGGGGAGGAGAAGGAAGGCCAGCCTCCCGGCCTGATCCCTGGTGCCTGGGGAGGTGAAATGTGTCTTGTGCTG,0
seq_089,GGGACATGCGGTTGGATGCCTGAACCCCAAGGCCCGAGAGAATGTTTGGTCTGGAAAGAGGGGGGAGTCAGGACCACCCCGGCACAGGGGGACAGACTGGGCTCCCCGGTGACTGCTGGGTGACTTTGGGGGAGGAGAAGGAAGGCCAGCCTCCCGGCCTGATCCCTGGTGCCTGGGGAGGTGAAATGTGTCTTGTGCTG,1
seq_081,GGGACATGCGGTTGGATGCCTGAACCCCAAGGCCCGAGAGAATGTTTGGTCTGGAAAGAGGGGGGAGTCAGGACCACCCCGGCACAGGGGGACAGACTGGGCTCCCCGGTGACTGCTGGGTGACTTTGGGGGAGGAGAAGGAAGGCCAGCCTCCCGGCCTGATCCCTGGTGCCTGGGGAGGTGAAATGTGTCTTGTGCTG,1
seq_051,GGGACATGCGGTTGGATGCCTGAACCCCAAGGCCCGAGAGAATGTTTGGTCTGGAAAGAGGGGGGAGTCAGGACCACCCCGGCACAGGGGGACAGACTGGGCTCCCCGGTGACTGCTGGGTGACTTTGGGGGAGGAGAAGGAAGGCCAGCCTCCCGGCCTGATCCCTGGTGCCTGGGGAGGTGAAATGTGTCTTGTGCTG,1
seq_043,GGGACATGCGGTTGGATGCCTGAACCCCAAGGCCCGAGAGAATGTTTGGTCTGGAAAGCGGGGGGAGTCAGGACCACCCCGGCACAGGGGGACAGACTGGGCTCCCCGGTGACTGCTGGGTGACTTTGGGGGAGGAGAAGGAAGGCCAGCCTCCCGGCCTGATCCCTGGTGCCTGGGGAGGTGAAATGTGTCTTGTGCTG,0
seq_018,GGGACATGCGGTTGGATGCCTGAACCCCAAGGCCCGAGAGAATGTTTGGTCTGGAAAGCGGGGGGAGTCAGGACCACCCCGGCACAGGGGGACAGACTGGGCTCCCCGGTGACTGCTGGGTGACTTTGGGGGAGGAGAAGGAAGGCCAGCCTCCCGGCCTGATCCCTGGTGCCTGGGGAGGTGAAATGTGTCTTGTGCTG,0
seq_073,GGGACATGCGGTTGGATGCCTGAACCCCAAGGCCCGAGAGAATGTTTGGTCTGGAAAGAGGGGGGAGTCAGGACCACCCCGGCACAGGGGGACAGACTGGGCTCCCCGGTGACTGCTGGGTGACTTTGGGGGAGGAGAAGGAAGGCCAGCCTCCCGGCCTGATCCCTGGTGCCTGGGGAGGTGAAATGTGTCTTGTGCTG,1
seq_025,GGGACATGCGGTTGGATGCCTGAACCCCAAGGCCCGAGAGAATGTTTGGTCTGGAAAGCGGGGGGAGTCAGGACCACCCCGGCACAGGGGGACAGACTGGGCTCCCCGGTGACTGCTGGGTGACTTTGGGGGAGGAGAAGGAAGGCCAGCCTCCCGGCCTGATCCCTGGTGCCTGGGGAGGTGAAATGTGTCTTGTGCTG,0
seq_074,GGGACATGCGGTTGGATGCCTGAACCCCAAGGCCCGAGAGAATGTTTGGTCTGGAAAGAGGGGGGAGTCAGGACCACCCCGGCACAGGGGGACAGACTGGGCTCCCCGGTGACTGCTGGGTGACTTTGGGGGAGGAGAAGGAAGGCCAGCCTCCCGGCCTGATCCCTGGTGCCTGGGGAGGTGAAATGTGTCTTGTGCTG,1
seq_028,GGGACATGCGGTTGGATGCCTGAACCCCAAGGCCCGAGAGAATGTTTGGTCTGGAAAGCGGGGGGAGTCAGGACCACCCCGGCACAGGGGGACAGACTGGGCTCCCCGGTGACTGCTGGGTGACTTTGGGGGAGGAGAAGGAAGGCCAGCCTCCCGGCCTGATCCCTGGTGCCTGGGGAGGTGAAATGTGTCTTGTGCTG,0
seq_072,GGGACATGCGGTTGGATGCCTGAACCCCAAGGCCCGAGAGAATGTTTGGTCTGGAAAGAGGGGGGAGTCAGGACCACCCCGGCACAGGGGGACAGACTGGGCTCCCCGGTGACTGCTGGGTGACTTTGGGGGAGGAGAAGGAAGGCCAGCCTCCCGGCCTGATCCCTGGTGCCTGGGGAGGTGAAATGTGTCTTGTGCTG,1
seq_054,GGGACATGCGGTTGGATGCCTGAACCCCAAGGCCCGAGAGAATGTTTGGTCTGGAAAGAGGGGGGAGTCAGGACCACCCCGGCACAGGGGGACAGACTGGGCTCCCCGGTGACTGCTGGGTGACTTTGGGGGAGGAGAAGGAAGGCCAGCCTCCCGGCCTGATCCCTGGTGCCTGGGGAGGTGAAATGTGTCTTGTGCTG,1
seq_024,GGGACATGCGGTTGGATGCCTGAACCCCAAGGCCCGAGAGAATGTTTGGTCTGGAAAGCGGGGGGAGTCAGGACCACCCCGGCACAGGGGGACAGACTGGGCTCCCCGGTGACTGCTGGGTGACTTTGGGGGAGGAGAAGGAAGGCCAGCCTCCCGGCCTGATCCCTGGTGCCTGGGGAGGTGAAATGTGTCTTGTGCTG,0
seq_016,GGGACATGCGGTTGGATGCCTGAACCCCAAGGCCCGAGAGAATGTTTGGTCTGGAAAGCGGGGGGAGTCAGGACCACCCCGGCACAGGGGGACAGACTGGGCTCCCCGGTGACTGCTGGGTGACTTTGGGGGAGGAGAAGGAAGGCCAGCCTCCCGGCCTGATCCCTGGTGCCTGGGGAGGTGAAATGTGTCTTGTGCTG,0
seq_098,GGGACATGCGGTTGGATGCCTGAACCCCAAGGCCCGAGAGAATGTTTGGTCTGGAAAGAGGGGGGAGTCAGGACCACCCCGGCACAGGGGGACAGACTGGGCTCCCCGGTGACTGCTGGGTGACTTTGGGGGAGGAGAAGGAAGGCCAGCCTCCCGGCCTGATCCCTGGTGCCTGGGGAGGTGAAATGTGTCTTGTGCTG,1
seq_069,GGGACATGCGGTTGGATGCCTGAACCCCAAGGCCCGAGAGAATGTTTGGTCTGGAAAGAGGGGGGAGTCAGGACCACCCCGGCACAGGGGGACAGACTGGGCTCCCCGGTGACTGCTGGGTGACTTTGGGGGAGGAGAAGGAAGGCCAGCCTCCCGGCCTGATCCCTGGTGCCTGGGGAGGTGAAATGTGTCTTGTGCTG,1
seq_058,GGGACATGCGGTTGGATGCCTGAACCCCAAGGCCCGAGAGAATGTTTGGTCTGGAAAGAGGGGGGAGTCAGGACCACCCCGGCACAGGGGGACAGACTGGGCTCCCCGGTGACTGCTGGGTGACTTTGGGGGAGGAGAAGGAAGGCCAGCCTCCCGGCCTGATCCCTGGTGCCTGGGGAGGTGAAATGTGTCTTGTGCTG,1
seq_011,GGGACATGCGGTTGGATGCCTGAACCCCAAGGCCCGAGAGAATGTTTGGTCTGGAAAGCGGGGGGAGTCAGGACCACCCCGGCACAGGGGGACAGACTGGGCTCCCCGGTGACTGCTGGGTGACTTTGGGGGAGGAGAAGGAAGGCCAGCCTCCCGGCCTGATCCCTGGTGCCTGGGGAGGTGAAATGTGTCTTGTGCTG,0
seq_026,GGGACATGCGGTTGGATGCCTGAACCCCAAGGCCCGAGAGAATGTTTGGTCTGGAAAGCGGGGGGAGTCAGGACCACCCCGGCACAGGGGGACAGACTGGGCTCCCCGGTGACTGCTGGGTGACTTTGGGGGAGGAGAAGGAAGGCCAGCCTCCCGGCCTGATCCCTGGTGCCTGGGGAGGTGAAATGTGTCTTGTGCTG,0
seq_013,GGGACATGCGGTTGGATGCCTGAACCCCAAGGCCCGAGAGAATGTTTGGTCTGGAAAGCGGGGGGAGTCAGGACCACCCCGGCACAGGGGGACAGACTGGGCTCCCCGGTGACTGCTGGGTGACTTTGGGGGAGGAGAAGGAAGGCCAGCCTCCCGGCCTGATCCCTGGTGCCTGGGGAGGTGAAATGTGTCTTGTGCTG,0
seq_005,GGGACATGCGGTTGGATGCCTGAACCCCAAGGCCCGAGAGAATGTTTGGTCTGGAAAGCGGGGGGAGTCAGGACCACCCCGGCACAGGGGGACAGACTGGGCTCCCCGGTGACTGCTGGGTGACTTTGGGGGAGGAGAAGGAAGGCCAGCCTCCCGGCCTGATCCCTGGTGCCTGGGGAGGTGAAATGTGTCTTGTGCTG,0
seq_071,GGGACATGCGGTTGGATGCCTGAACCCCAAGGCCCGAGAGAATGTTTGGTCTGGAAAGAGGGGGGAGTCAGGACCACCCCGGCACAGGGGGACAGACTGGGCTCCCCGGTGACTGCTGGGTGACTTTGGGGGAGGAGAAGGAAGGCCAGCCTCCCGGCCTGATCCCTGGTGCCTGGGGAGGTGAAATGTGTCTTGTGCTG,1
seq_094,GGGACATGCGGTTGGATGCCTGAACCCCAAGGCCCGAGAGAATGTTTGGTCTGGAAAGAGGGGGGAGTCAGGACCACCCCGGCACAGGGGGACAGACTGGGCTCCCCGGTGACTGCTGGGTGACTTTGGGGGAGGAGAAGGAAGGCCAGCCTCCCGGCCTGATCCCTGGTGCCTGGGGAGGTGAAATGTGTCTTGTGCTG,1
seq_032,GGGACATGCGGTTGGATGCCTGAACCCCAAGGCCCGAGAGAATGTTTGGTCTGGAAAGCGGGGGGAGTCAGGACCACCCCGGCACAGGGGGACAGACTGGGCTCCCCGGTGACTGCTGGGTGACTTTGGGGGAGGAGAAGGAAGGCCAGCCTCCCGGCCTGATCCCTGGTGCCTGGGGAGGTGAAATGTGTCTTGTGCTG,0
seq_050,GGGACATGCGGTTGGATGCCTGAACCCCAAGGCCCGAGAGAATGTTTGGTCTGGAAAGCGGGGGGAGTCAGGACCACCCCGGCACAGGGGGACAGACTGGGCTCCCCGGTGACTGCTGGGTGACTTTGGGGGAGGAGAAGGAAGGCCAGCCTCCCGGCCTGATCCCTGGTGCCTGGGGAGGTGAAATGTGTCTTGTGCTG,0
seq_040,GGGACATGCGGTTGGATGCCTGAACCCCAAGGCCCGAGAGAATGTTTGGTCTGGAAAGCGGGGGGAGTCAGGACCACCCCGGCACAGGGGGACAGACTGGGCTCCCCGGTGACTGCTGGGTGACTTTGGGGGAGGAGAAGGAAGGCCAGCCTCCCGGCCTGATCCCTGGTGCCTGGGGAGGTGAAATGTGTCTTGTGCTG,0
seq_023,GGGACATGCGGTTGGATGCCTGAACCCCAAGGCCCGAGAGAATGTTTGGTCTGGAAAGCGGGGGGAGTCAGGACCACCCCGGCACAGGGGGACAGACTGGGCTCCCCGGTGACTGCTGGGTGACTTTGGGGGAGGAGAAGGAAGGCCAGCCTCCCGGCCTGATCCCTGGTGCCTGGGGAGGTGAAATGTGTCTTGTGCTG,0
seq_070,GGGACATGCGGTTGGATGCCTGAACCCCAAGGCCCGAGAGAATGTTTGGTCTGGAAAGAGGGGGGAGTCAGGACCACCCCGGCACAGGGGGACAGACTGGGCTCCCCGGTGACTGCTGGGTGACTTTGGGGGAGGAGAAGGAAGGCCAGCCTCCCGGCCTGATCCCTGGTGCCTGGGGAGGTGAAATGTGTCTTGTGCTG,1
seq_091,GGGACATGCGGTTGGATGCCTGAACCCCAAGGCCCGAGAGAATGTTTGGTCTGGAAAGAGGGGGGAGTCAGGACCACCCCGGCACAGGGGGACAGACTGGGCTCCCCGGTGACTGCTGGGTGACTTTGGGGGAGGAGAAGGAAGGCCAGCCTCCCGGCCTGATCCCTGGTGCCTGGGGAGGTGAAATGTGTCTTGTGCTG,1
seq_076,GGGACATGCGGTTGGATGCCTGAACCCCAAGGCCCGAGAGAATGTTTGGTCTGGAAAGAGGGGGGAGTCAGGACCACCCCGGCACAGGGGGACAGACTGGGCTCCCCGGTGACTGCTGGGTGACTTTGGGGGAGGAGAAGGAAGGCCAGCCTCCCGGCCTGATCCCTGGTGCCTGGGGAGGTGAAATGTGTCTTGTGCTG,1
seq_020,GGGACATGCGGTTGGATGCCTGAACCCCAAGGCCCGAGAGAATGTTTGGTCTGGAAAGCGGGGGGAGTCAGGACCACCCCGGCACAGGGGGACAGACTGGGCTCCCCGGTGACTGCTGGGTGACTTTGGGGGAGGAGAAGGAAGGCCAGCCTCCCGGCCTGATCCCTGGTGCCTGGGGAGGTGAAATGTGTCTTGTGCTG,0
seq_099,GGGACATGCGGTTGGATGCCTGAACCCCAAGGCCCGAGAGAATGTTTGGTCTGGAAAGAGGGGGGAGTCAGGACCACCCCGGCACAGGGGGACAGACTGGGCTCCCCGGTGACTGCTGGGTGACTTTGGGGGAGGAGAAGGAAGGCCAGCCTCCCGGCCTGATCCCTGGTGCCTGGGGAGGTGAAATGTGTCTTGTGCTG,1
seq_038,GGGACATGCGGTTGGATGCCTGAACCCCAAGGCCCGAGAGAATGTTTGGTCTGGAAAGCGGGGGGAGTCAGGACCACCCCGGCACAGGGGGACAGACTGGGCTCCCCGGTGACTGCTGGGTGACTTTGGGGGAGGAGAAGGAAGGCCAGCCTCCCGGCCTGATCCCTGGTGCCTGGGGAGGTGAAATGTGTCTTGTGCTG,0
seq_037,GGGACATGCGGTTGGATGCCTGAACCCCAAGGCCCGAGAGAATGTTTGGTCTGGAAAGCGGGGGGAGTCAGGACCACCCCGGCACAGGGGGACAGACTGGGCTCCCCGGTGACTGCTGGGTGACTTTGGGGGAGGAGAAGGAAGGCCAGCCTCCCGGCCTGATCCCTGGTGCCTGGGGAGGTGAAATGTGTCTTGTGCTG,0
seq_085,GGGACATGCGGTTGGATGCCTGAACCCCAAGGCCCGAGAGAATGTTTGGTCTGGAAAGAGGGGGGAGTCAGGACCACCCCGGCACAGGGGGACAGACTGGGCTCCCCGGTGACTGCTGGGTGACTTTGGGGGAGGAGAAGGAAGGCCAGCCTCCCGGCCTGATCCCTGGTGCCTGGGGAGGTGAAATGTGTCTTGTGCTG,1
seq_092,GGGACATGCGGTTGGATGCCTGAACCCCAAGGCCCGAGAGAATGTTTGGTCTGGAAAGAGGGGGGAGTCAGGACCACCCCGGCACAGGGGGACAGACTGGGCTCCCCGGTGACTGCTGGGTGACTTTGGGGGAGGAGAAGGAAGGCCAGCCTCCCGGCCTGATCCCTGGTGCCTGGGGAGGTGAAATGTGTCTTGTGCTG,1
seq_049,GGGACATGCGGTTGGATGCCTGAACCCCAAGGCCCGAGAGAATGTTTGGTCTGGAAAGCGGGGGGAGTCAGGACCACCCCGGCACAGGGGGACAGACTGGGCTCCCCGGTGACTGCTGGGTGACTTTGGGGGAGGAGAAGGAAGGCCAGCCTCCCGGCCTGATCCCTGGTGCCTGGGGAGGTGAAATGTGTCTTGTGCTG,0
seq_006,GGGACATGCGGTTGGATGCCTGAACCCCAAGGCCCGAGAGAATGTTTGGTCTGGAAAGCGGGGGGAGTCAGGACCACCCCGGCACAGGGGGACAGACTGGGCTCCCCGGTGACTGCTGGGTGACTTTGGGGGAGGAGAAGGAAGGCCAGCCTCCCGGCCTGATCCCTGGTGCCTGGGGAGGTGAAATGTGTCTTGTGCTG,0
seq_083,GGGACATGCGGTTGGATGCCTGAACCCCAAGGCCCGAGAGAATGTTTGGTCTGGAAAGAGGGGGGAGTCAGGACCACCCCGGCACAGGGGGACAGACTGGGCTCCCCGGTGACTGCTGGGTGACTTTGGGGGAGGAGAAGGAAGGCCAGCCTCCCGGCCTGATCCCTGGTGCCTGGGGAGGTGAAATGTGTCTTGTGCTG,1
seq_019,GGGACATGCGGTTGGATGCCTGAACCCCAAGGCCCGAGAGAATGTTTGGTCTGGAAAGCGGGGGGAGTCAGGACCACCCCGGCACAGGGGGACAGACTGGGCTCCCCGGTGACTGCTGGGTGACTTTGGGGGAGGAGAAGGAAGGCCAGCCTCCCGGCCTGATCCCTGGTGCCTGGGGAGGTGAAATGTGTCTTGTGCTG,0
seq_079,GGGACATGCGGTTGGATGCCTGAACCCCAAGGCCCGAGAGAATGTTTGGTCTGGAAAGAGGGGGGAGTCAGGACCACCCCGGCACAGGGGGACAGACTGGGCTCCCCGGTGACTGCTGGGTGACTTTGGGGGAGGAGAAGGAAGGCCAGCCTCCCGGCCTGATCCCTGGTGCCTGGGGAGGTGAAATGTGTCTTGTGCTG,1
seq_047,GGGACATGCGGTTGGATGCCTGAACCCCAAGGCCCGAGAGAATGTTTGGTCTGGAAAGCGGGGGGAGTCAGGACCACCCCGGCACAGGGGGACAGACTGGGCTCCCCGGTGACTGCTGGGTGACTTTGGGGGAGGAGAAGGAAGGCCAGCCTCCCGGCCTGATCCCTGGTGCCTGGGGAGGTGAAATGTGTCTTGTGCTG,0
seq_087,GGGACATGCGGTTGGATGCCTGAACCCCAAGGCCCGAGAGAATGTTTGGTCTGGAAAGAGGGGGGAGTCAGGACCACCCCGGCACAGGGGGACAGACTGGGCTCCCCGGTGACTGCTGGGTGACTTTGGGGGAGGAGAAGGAAGGCCAGCCTCCCGGCCTGATCCCTGGTGCCTGGGGAGGTGAAATGTGTCTTGTGCTG,1
seq_064,GGGACATGCGGTTGGATGCCTGAACCCCAAGGCCCGAGAGAATGTTTGGTCTGGAAAGAGGGGGGAGTCAGGACCACCCCGGCACAGGGGGACAGACTGGGCTCCCCGGTGACTGCTGGGTGACTTTGGGGGAGGAGAAGGAAGGCCAGCCTCCCGGCCTGATCCCTGGTGCCTGGGGAGGTGAAATGTGTCTTGTGCTG,1
seq_068,GGGACATGCGGTTGGATGCCTGAACCCCAAGGCCCGAGAGAATGTTTGGTCTGGAAAGAGGGGGGAGTCAGGACCACCCCGGCACAGGGGGACAGACTGGGCTCCCCGGTGACTGCTGGGTGACTTTGGGGGAGGAGAAGGAAGGCCAGCCTCCCGGCCTGATCCCTGGTGCCTGGGGAGGTGAAATGTGTCTTGTGCTG,1
seq_063,GGGACATGCGGTTGGATGCCTGAACCCCAAGGCCCGAGAGAATGTTTGGTCTGGAAAGAGGGGGGAGTCAGGACCACCCCGGCACAGGGGGACAGACTGGGCTCCCCGGTGACTGCTGGGTGACTTTGGGGGAGGAGAAGGAAGGCCAGCCTCCCGGCCTGATCCCTGGTGCCTGGGGAGGTGAAATGTGTCTTGTGCTG,1
seq_036,GGGACATGCGGTTGGATGCCTGAACCCCAAGGCCCGAGAGAATGTTTGGTCTGGAAAGCGGGGGGAGTCAGGACCACCCCGGCACAGGGGGACAGACTGGGCTCCCCGGTGACTGCTGGGTGACTTTGGGGGAGGAGAAGGAAGGCCAGCCTCCCGGCCTGATCCCTGGTGCCTGGGGAGGTGAAATGTGTCTTGTGCTG,0
seq_066,GGGACATGCGGTTGGATGCCTGAACCCCAAGGCCCGAGAGAATGTTTGGTCTGGAAAGAGGGGGGAGTCAGGACCACCCCGGCACAGGGGGACAGACTGGGCTCCCCGGTGACTGCTGGGTGACTTTGGGGGAGGAGAAGGAAGGCCAGCCTCCCGGCCTGATCCCTGGTGCCTGGGGAGGTGAAATGTGTCTTGTGCTG,1
seq_080,GGGACATGCGGTTGGATGCCTGAACCCCAAGGCCCGAGAGAATGTTTGGTCTGGAAAGAGGGGGGAGTCAGGACCACCCCGGCACAGGGGGACAGACTGGGCTCCCCGGTGACTGCTGGGTGACTTTGGGGGAGGAGAAGGAAGGCCAGCCTCCCGGCCTGATCCCTGGTGCCTGGGGAGGTGAAATGTGTCTTGTGCTG,1
seq_035,GGGACATGCGGTTGGATGCCTGAACCCCAAGGCCCGAGAGAATGTTTGGTCTGGAAAGCGGGGGGAGTCAGGACCACCCCGGCACAGGGGGACAGACTGGGCTCCCCGGTGACTGCTGGGTGACTTTGGGGGAGGAGAAGGAAGGCCAGCCTCCCGGCCTGATCCCTGGTGCCTGGGGAGGTGAAATGTGTCTTGTGCTG,0
seq_008,GGGACATGCGGTTGGATGCCTGAACCCCAAGGCCCGAGAGAATGTTTGGTCTGGAAAGCGGGGGGAGTCAGGACCACCCCGGCACAGGGGGACAGACTGGGCTCCCCGGTGACTGCTGGGTGACTTTGGGGGAGGAGAAGGAAGGCCAGCCTCCCGGCCTGATCCCTGGTGCCTGGGGAGGTGAAATGTGTCTTGTGCTG,0
seq_097,GGGACATGCGGTTGGATGCCTGAACCCCAAGGCCCGAGAGAATGTTTGGTCTGGAAAGAGGGGGGAGTCAGGACCACCCCGGCACAGGGGGACAGACTGGGCTCCCCGGTGACTGCTGGGTGACTTTGGGGGAGGAGAAGGAAGGCCAGCCTCCCGGCCTGATCCCTGGTGCCTGGGGAGGTGAAATGTGTCTTGTGCTG,1
seq_060,GGGACATGCGGTTGGATGCCTGAACCCCAAGGCCCGAGAGAATGTTTGGTCTGGAAAGAGGGGGGAGTCAGGACCACCCCGGCACAGGGGGACAGACTGGGCTCCCCGGTGACTGCTGGGTGACTTTGGGGGAGGAGAAGGAAGGCCAGCCTCCCGGCCTGATCCCTGGTGCCTGGGGAGGTGAAATGTGTCTTGTGCTG,1
seq_033,GGGACATGCGGTTGGATGCCTGAACCCCAAGGCCCGAGAGAATGTTTGGTCTGGAAAGCGGGGGGAGTCAGGACCACCCCGGCACAGGGGGACAGACTGGGCTCCCCGGTGACTGCTGGGTGACTTTGGGGGAGGAGAAGGAAGGCCAGCCTCCCGGCCTGATCCCTGGTGCCTGGGGAGGTGAAATGTGTCTTGTGCTG,0
seq_095,GGGACATGCGGTTGGATGCCTGAACCCCAAGGCCCGAGAGAATGTTTGGTCTGGAAAGAGGGGGGAGTCAGGACCACCCCGGCACAGGGGGACAGACTGGGCTCCCCGGTGACTGCTGGGTGACTTTGGGGGAGGAGAAGGAAGGCCAGCCTCCCGGCCTGATCCCTGGTGCCTGGGGAGGTGAAATGTGTCTTGTGCTG,1
seq_100,GGGACATGCGGTTGGATGCCTGAACCCCAAGGCCCGAGAGAATGTTTGGTCTGGAAAGAGGGGGGAGTCAGGACCACCCCGGCACAGGGGGACAGACTGGGCTCCCCGGTGACTGCTGGGTGACTTTGGGGGAGGAGAAGGAAGGCCAGCCTCCCGGCCTGATCCCTGGTGCCTGGGGAGGTGAAATGTGTCTTGTGCTG,1
seq_048,GGGACATGCGGTTGGATGCCTGAACCCCAAGGCCCGAGAGAATGTTTGGTCTGGAAAGCGGGGGGAGTCAGGACCACCCCGGCACAGGGGGACAGACTGGGCTCCCCGGTGACTGCTGGGTGACTTTGGGGGAGGAGAAGGAAGGCCAGCCTCCCGGCCTGATCCCTGGTGCCTGGGGAGGTGAAATGTGTCTTGTGCTG,0
seq_029,GGGACATGCGGTTGGATGCCTGAACCCCAAGGCCCGAGAGAATGTTTGGTCTGGAAAGCGGGGGGAGTCAGGACCACCCCGGCACAGGGGGACAGACTGGGCTCCCCGGTGACTGCTGGGTGACTTTGGGGGAGGAGAAGGAAGGCCAGCCTCCCGGCCTGATCCCTGGTGCCTGGGGAGGTGAAATGTGTCTTGTGCTG,0
seq_088,GGGACATGCGGTTGGATGCCTGAACCCCAAGGCCCGAGAGAATGTTTGGTCTGGAAAGAGGGGGGAGTCAGGACCACCCCGGCACAGGGGGACAGACTGGGCTCCCCGGTGACTGCTGGGTGACTTTGGGGGAGGAGAAGGAAGGCCAGCCTCCCGGCCTGATCCCTGGTGCCTGGGGAGGTGAAATGTGTCTTGTGCTG,1
seq_075,GGGACATGCGGTTGGATGCCTGAACCCCAAGGCCCGAGAGAATGTTTGGTCTGGAAAGAGGGGGGAGTCAGGACCACCCCGGCACAGGGGGACAGACTGGGCTCCCCGGTGACTGCTGGGTGACTTTGGGGGAGGAGAAGGAAGGCCAGCCTCCCGGCCTGATCCCTGGTGCCTGGGGAGGTGAAATGTGTCTTGTGCTG,1
seq_017,GGGACATGCGGTTGGATGCCTGAACCCCAAGGCCCGAGAGAATGTTTGGTCTGGAAAGCGGGGGGAGTCAGGACCACCCCGGCACAGGGGGACAGACTGGGCTCCCCGGTGACTGCTGGGTGACTTTGGGGGAGGAGAAGGAAGGCCAGCCTCCCGGCCTGATCCCTGGTGCCTGGGGAGGTGAAATGTGTCTTGTGCTG,0
seq_096,GGGACATGCGGTTGGATGCCTGAACCCCAAGGCCCGAGAGAATGTTTGGTCTGGAAAGAGGGGGGAGTCAGGACCACCCCGGCACAGGGGGACAGACTGGGCTCCCCGGTGACTGCTGGGTGACTTTGGGGGAGGAGAAGGAAGGCCAGCCTCCCGGCCTGATCCCTGGTGCCTGGGGAGGTGAAATGTGTCTTGTGCTG,1
seq_012,GGGACATGCGGTTGGATGCCTGAACCCCAAGGCCCGAGAGAATGTTTGGTCTGGAAAGCGGGGGGAGTCAGGACCACCCCGGCACAGGGGGACAGACTGGGCTCCCCGGTGACTGCTGGGTGACTTTGGGGGAGGAGAAGGAAGGCCAGCCTCCCGGCCTGATCCCTGGTGCCTGGGGAGGTGAAATGTGTCTTGTGCTG,0
seq_002,GGGACATGCGGTTGGATGCCTGAACCCCAAGGCCCGAGAGAATGTTTGGTCTGGAAAGCGGGGGGAGTCAGGACCACCCCGGCACAGGGGGACAGACTGGGCTCCCCGGTGACTGCTGGGTGACTTTGGGGGAGGAGAAGGAAGGCCAGCCTCCCGGCCTGATCCCTGGTGCCTGGGGAGGTGAAATGTGTCTTGTGCTG,0
seq_010,GGGACATGCGGTTGGATGCCTGAACCCCAAGGCCCGAGAGAATGTTTGGTCTGGAAAGCGGGGGGAGTCAGGACCACCCCGGCACAGGGGGACAGACTGGGCTCCCCGGTGACTGCTGGGTGACTTTGGGGGAGGAGAAGGAAGGCCAGCCTCCCGGCCTGATCCCTGGTGCCTGGGGAGGTGAAATGTGTCTTGTGCTG,0
seq_082,GGGACATGCGGTTGGATGCCTGAACCCCAAGGCCCGAGAGAATGTTTGGTCTGGAAAGAGGGGGGAGTCAGGACCACCCCGGCACAGGGGGACAGACTGGGCTCCCCGGTGACTGCTGGGTGACTTTGGGGGAGGAGAAGGAAGGCCAGCCTCCCGGCCTGATCCCTGGTGCCTGGGGAGGTGAAATGTGTCTTGTGCTG,1
seq_022,GGGACATGCGGTTGGATGCCTGAACCCCAAGGCCCGAGAGAATGTTTGGTCTGGAAAGCGGGGGGAGTCAGGACCACCCCGGCACAGGGGGACAGACTGGGCTCCCCGGTGACTGCTGGGTGACTTTGGGGGAGGAGAAGGAAGGCCAGCCTCCCGGCCTGATCCCTGGTGCCTGGGGAGGTGAAATGTGTCTTGTGCTG,0
seq_084,GGGACATGCGGTTGGATGCCTGAACCCCAAGGCCCGAGAGAATGTTTGGTCTGGAAAGAGGGGGGAGTCAGGACCACCCCGGCACAGGGGGACAGACTGGGCTCCCCGGTGACTGCTGGGTGACTTTGGGGGAGGAGAAGGAAGGCCAGCCTCCCGGCCTGATCCCTGGTGCCTGGGGAGGTGAAATGTGTCTTGTGCTG,1
seq_067,GGGACATGCGGTTGGATGCCTGAACCCCAAGGCCCGAGAGAATGTTTGGTCTGGAAAGAGGGGGGAGTCAGGACCACCCCGGCACAGGGGGACAGACTGGGCTCCCCGGTGACTGCTGGGTGACTTTGGGGGAGGAGAAGGAAGGCCAGCCTCCCGGCCTGATCCCTGGTGCCTGGGGAGGTGAAATGTGTCTTGTGCTG,1
seq_045,GGGACATGCGGTTGGATGCCTGAACCCCAAGGCCCGAGAGAATGTTTGGTCTGGAAAGCGGGGGGAGTCAGGACCACCCCGGCACAGGGGGACAGACTGGGCTCCCCGGTGACTGCTGGGTGACTTTGGGGGAGGAGAAGGAAGGCCAGCCTCCCGGCCTGATCCCTGGTGCCTGGGGAGGTGAAATGTGTCTTGTGCTG,0
seq_042,GGGACATGCGGTTGGATGCCTGAACCCCAAGGCCCGAGAGAATGTTTGGTCTGGAAAGCGGGGGGAGTCAGGACCACCCCGGCACAGGGGGACAGACTGGGCTCCCCGGTGACTGCTGGGTGACTTTGGGGGAGGAGAAGGAAGGCCAGCCTCCCGGCCTGATCCCTGGTGCCTGGGGAGGTGAAATGTGTCTTGTGCTG,0
seq_021,GGGACATGCGGTTGGATGCCTGAACCCCAAGGCCCGAGAGAATGTTTGGTCTGGAAAGCGGGGGGAGTCAGGACCACCCCGGCACAGGGGGACAGACTGGGCTCCCCGGTGACTGCTGGGTGACTTTGGGGGAGGAGAAGGAAGGCCAGCCTCCCGGCCTGATCCCTGGTGCCTGGGGAGGTGAAATGTGTCTTGTGCTG,0
seq_053,GGGACATGCGGTTGGATGCCTGAACCCCAAGGCCCGAGAGAATGTTTGGTCTGGAAAGAGGGGGGAGTCAGGACCACCCCGGCACAGGGGGACAGACTGGGCTCCCCGGTGACTGCTGGGTGACTTTGGGGGAGGAGAAGGAAGGCCAGCCTCCCGGCCTGATCCCTGGTGCCTGGGGAGGTGAAATGTGTCTTGTGCTG,1
seq_056,GGGACATGCGGTTGGATGCCTGAACCCCAAGGCCCGAGAGAATGTTTGGTCTGGAAAGAGGGGGGAGTCAGGACCACCCCGGCACAGGGGGACAGACTGGGCTCCCCGGTGACTGCTGGGTGACTTTGGGGGAGGAGAAGGAAGGCCAGCCTCCCGGCCTGATCCCTGGTGCCTGGGGAGGTGAAATGTGTCTTGTGCTG,1
seq_057,GGGACATGCGGTTGGATGCCTGAACCCCAAGGCCCGAGAGAATGTTTGGTCTGGAAAGAGGGGGGAGTCAGGACCACCCCGGCACAGGGGGACAGACTGGGCTCCCCGGTGACTGCTGGGTGACTTTGGGGGAGGAGAAGGAAGGCCAGCCTCCCGGCCTGATCCCTGGTGCCTGGGGAGGTGAAATGTGTCTTGTGCTG,1
seq_090,GGGACATGCGGTTGGATGCCTGAACCCCAAGGCCCGAGAGAATGTTTGGTCTGGAAAGAGGGGGGAGTCAGGACCACCCCGGCACAGGGGGACAGACTGGGCTCCCCGGTGACTGCTGGGTGACTTTGGGGGAGGAGAAGGAAGGCCAGCCTCCCGGCCTGATCCCTGGTGCCTGGGGAGGTGAAATGTGTCTTGTGCTG,1
seq_027,GGGACATGCGGTTGGATGCCTGAACCCCAAGGCCCGAGAGAATGTTTGGTCTGGAAAGCGGGGGGAGTCAGGACCACCCCGGCACAGGGGGACAGACTGGGCTCCCCGGTGACTGCTGGGTGACTTTGGGGGAGGAGAAGGAAGGCCAGCCTCCCGGCCTGATCCCTGGTGCCTGGGGAGGTGAAATGTGTCTTGTGCTG,0
seq_041,GGGACATGCGGTTGGATGCCTGAACCCCAAGGCCCGAGAGAATGTTTGGTCTGGAAAGCGGGGGGAGTCAGGACCACCCCGGCACAGGGGGACAGACTGGGCTCCCCGGTGACTGCTGGGTGACTTTGGGGGAGGAGAAGGAAGGCCAGCCTCCCGGCCTGATCCCTGGTGCCTGGGGAGGTGAAATGTGTCTTGTGCTG,0
seq_046,GGGACATGCGGTTGGATGCCTGAACCCCAAGGCCCGAGAGAATGTTTGGTCTGGAAAGCGGGGGGAGTCAGGACCACCCCGGCACAGGGGGACAGACTGGGCTCCCCGGTGACTGCTGGGTGACTTTGGGGGAGGAGAAGGAAGGCCAGCCTCCCGGCCTGATCCCTGGTGCCTGGGGAGGTGAAATGTGTCTTGTGCTG,0
seq_014,GGGACATGCGGTTGGATGCCTGAACCCCAAGGCCCGAGAGAATGTTTGGTCTGGAAAGCGGGGGGAGTCAGGACCACCCCGGCACAGGGGGACAGACTGGGCTCCCCGGTGACTGCTGGGTGACTTTGGGGGAGGAGAAGGAAGGCCAGCCTCCCGGCCTGATCCCTGGTGCCTGGGGAGGTGAAATGTGTCTTGTGCTG,0
seq_015,GGGACATGCGGTTGGATGCCTGAACCCCAAGGCCCGAGAGAATGTTTGGTCTGGAAAGCGGGGGGAGTCAGGACCACCCCGGCACAGGGGGACAGACTGGGCTCCCCGGTGACTGCTGGGTGACTTTGGGGGAGGAGAAGGAAGGCCAGCCTCCCGGCCTGATCCCTGGTGCCTGGGGAGGTGAAATGTGTCTTGTGCTG,0
seq_001,GGGACATGCGGTTGGATGCCTGAACCCCAAGGCCCGAGAGAATGTTTGGTCTGGAAAGCGGGGGGAGTCAGGACCACCCCGGCACAGGGGGACAGACTGGGCTCCCCGGTGACTGCTGGGTGACTTTGGGGGAGGAGAAGGAAGGCCAGCCTCCCGGCCTGATCCCTGGTGCCTGGGGAGGTGAAATGTGTCTTGTGCTG,0
seq_077,GGGACATGCGGTTGGATGCCTGAACCCCAAGGCCCGAGAGAATGTTTGGTCTGGAAAGAGGGGGGAGTCAGGACCACCCCGGCACAGGGGGACAGACTGGGCTCCCCGGTGACTGCTGGGTGACTTTGGGGGAGGAGAAGGAAGGCCAGCCTCCCGGCCTGATCCCTGGTGCCTGGGGAGGTGAAATGTGTCTTGTGCTG,1
seq_009,GGGACATGCGGTTGGATGCCTGAACCCCAAGGCCCGAGAGAATGTTTGGTCTGGAAAGCGGGGGGAGTCAGGACCACCCCGGCACAGGGGGACAGACTGGGCTCCCCGGTGACTGCTGGGTGACTTTGGGGGAGGAGAAGGAAGGCCAGCCTCCCGGCCTGATCCCTGGTGCCTGGGGAGGTGAAATGTGTCTTGTGCTG,0
seq_052,GGGACATGCGGTTGGATGCCTGAACCCCAAGGCCCGAGAGAATGTTTGGTCTGGAAAGAGGGGGGAGTCAGGACCACCCCGGCACAGGGGGACAGACTGGGCTCCCCGGTGACTGCTGGGTGACTTTGGGGGAGGAGAAGGAAGGCCAGCCTCCCGGCCTGATCCCTGGTGCCTGGGGAGGTGAAATGTGTCTTGTGCTG,1
seq_061,GGGACATGCGGTTGGATGCCTGAACCCCAAGGCCCGAGAGAATGTTTGGTCTGGAAAGAGGGGGGAGTCAGGACCACCCCGGCACAGGGGGACAGACTGGGCTCCCCGGTGACTGCTGGGTGACTTTGGGGGAGGAGAAGGAAGGCCAGCCTCCCGGCCTGATCCCTGGTGCCTGGGGAGGTGAAATGTGTCTTGTGCTG,1
seq_059,GGGACATGCGGTTGGATGCCTGAACCCCAAGGCCCGAGAGAATGTTTGGTCTGGAAAGAGGGGGGAGTCAGGACCACCCCGGCACAGGGGGACAGACTGGGCTCCCCGGTGACTGCTGGGTGACTTTGGGGGAGGAGAAGGAAGGCCAGCCTCCCGGCCTGATCCCTGGTGCCTGGGGAGGTGAAATGTGTCTTGTGCTG,1
seq_134,GGGACATGCGGTTGGATGCCTGAACCCCAAGGCCCGAGAGAATGTTTGGTCTGGAAAGCGGGGGGAGTCAGGACCACCCCGGCACAGGGGGACAGACTGGGCTCCCCGGTGACTGCTGGGTGACTTTGGGGGAGGAGAAGGAAGGCCAGCCTCCCGGCCTGATCCCTGGTGCCTGGGGAGGTGAAATGTGTCTTGTGCTG,0
seq_151,GGGACATGCGGTTGGATGCCTGAACCCCAAGGCCCGAGAGAATGTTTGGTCTGGAAAGCGGGGGGAGTCAGGACCACCCCGGCACAGGGGGACAGACTGGGCTCCCCGGTGACTGCTGGGTGACTTTGGGGGAGGAGAAGGAAGGCCAGCCTCCCGGCCTGATCCCTGGTGCCTGGGGAGGTGAAATGTGTCTTGTGCTG,0
seq_106,GGGACATGCGGTTGGATGCCTGAACCCCAAGGCCCGAGAGAATGTTTGGTCTGGAAAGCGGGGGGAGTCAGGACCACCCCGGCACAGGGGGACAGACTGGGCTCCCCGGTGACTGCTGGGTGACTTTGGGGGAGGAGAAGGAAGGCCAGCCTCCCGGCCTGATCCCTGGTGCCTGGGGAGGTGAAATGTGTCTTGTGCTG,0
seq_215,GGGACATGCGGTTGGATGCCTGAACCCCAAGGCCCGAGAGAATGTTTGGTCTGGAAAGAGGGGGGAGTCAGGACCACCCCGGCACAGGGGGACAGACTGGGCTCCCCGGTGACTGCTGGGTGACTTTGGGGGAGGAGAAGGAAGGCCAGCCTCCCGGCCTGATCCCTGGTGCCTGGGGAGGTGAAATGTGTCTTGTGCTG,1
seq_132,GGGACATGCGGTTGGATGCCTGAACCCCAAGGCCCGAGAGAATGTTTGGTCTGGAAAGCGGGGGGAGTCAGGACCACCCCGGCACAGGGGGACAGACTGGGCTCCCCGGTGACTGCTGGGTGACTTTGGGGGAGGAGAAGGAAGGCCAGCCTCCCGGCCTGATCCCTGGTGCCTGGGGAGGTGAAATGTGTCTTGTGCTG,0
seq_124,GGGACATGCGGTTGGATGCCTGAACCCCAAGGCCCGAGAGAATGTTTGGTCTGGAAAGCGGGGGGAGTCAGGACCACCCCGGCACAGGGGGACAGACTGGGCTCCCCGGTGACTGCTGGGTGACTTTGGGGGAGGAGAAGGAAGGCCAGCCTCCCGGCCTGATCCCTGGTGCCTGGGGAGGTGAAATGTGTCTTGTGCTG,0
seq_280,GGGACATGCGGTTGGATGCCTGAACCCCAAGGCCCGAGAGAATGTTTGGTCTGGAAAGAGGGGGGAGTCAGGACCACCCCGGCACAGGGGGACAGACTGGGCTCCCCGGTGACTGCTGGGTGACTTTGGGGGAGGAGAAGGAAGGCCAGCCTCCCGGCCTGATCCCTGGTGCCTGGGGAGGTGAAATGTGTCTTGTGCTG,1
seq_199,GGGACATGCGGTTGGATGCCTGAACCCCAAGGCCCGAGAGAATGTTTGGTCTGGAAAGCGGGGGGAGTCAGGACCACCCCGGCACAGGGGGACAGACTGGGCTCCCCGGTGACTGCTGGGTGACTTTGGGGGAGGAGAAGGAAGGCCAGCCTCCCGGCCTGATCCCTGGTGCCTGGGGAGGTGAAATGTGTCTTGTGCTG,0
seq_112,GGGACATGCGGTTGGATGCCTGAACCCCAAGGCCCGAGAGAATGTTTGGTCTGGAAAGCGGGGGGAGTCAGGACCACCCCGGCACAGGGGGACAGACTGGGCTCCCCGGTGACTGCTGGGTGACTTTGGGGGAGGAGAAGGAAGGCCAGCCTCCCGGCCTGATCCCTGGTGCCTGGGGAGGTGAAATGTGTCTTGTGCTG,0
seq_125,GGGACATGCGGTTGGATGCCTGAACCCCAAGGCCCGAGAGAATGTTTGGTCTGGAAAGCGGGGGGAGTCAGGACCACCCCGGCACAGGGGGACAGACTGGGCTCCCCGGTGACTGCTGGGTGACTTTGGGGGAGGAGAAGGAAGGCCAGCCTCCCGGCCTGATCCCTGGTGCCTGGGGAGGTGAAATGTGTCTTGTGCTG,0
seq_300,GGGACATGCGGTTGGATGCCTGAACCCCAAGGCCCGAGAGAATGTTTGGTCTGGAAAGAGGGGGGAGTCAGGACCACCCCGGCACAGGGGGACAGACTGGGCTCCCCGGTGACTGCTGGGTGACTTTGGGGGAGGAGAAGGAAGGCCAGCCTCCCGGCCTGATCCCTGGTGCCTGGGGAGGTGAAATGTGTCTTGTGCTG,1
seq_203,GGGACATGCGGTTGGATGCCTGAACCCCAAGGCCCGAGAGAATGTTTGGTCTGGAAAGAGGGGGGAGTCAGGACCACCCCGGCACAGGGGGACAGACTGGGCTCCCCGGTGACTGCTGGGTGACTTTGGGGGAGGAGAAGGAAGGCCAGCCTCCCGGCCTGATCCCTGGTGCCTGGGGAGGTGAAATGTGTCTTGTGCTG,1
seq_148,GGGACATGCGGTTGGATGCCTGAACCCCAAGGCCCGAGAGAATGTTTGGTCTGGAAAGCGGGGGGAGTCAGGACCACCCCGGCACAGGGGGACAGACTGGGCTCCCCGGTGACTGCTGGGTGACTTTGGGGGAGGAGAAGGAAGGCCAGCCTCCCGGCCTGATCCCTGGTGCCTGGGGAGGTGAAATGTGTCTTGTGCTG,0
seq_237,GGGACATGCGGTTGGATGCCTGAACCCCAAGGCCCGAGAGAATGTTTGGTCTGGAAAGAGGGGGGAGTCAGGACCACCCCGGCACAGGGGGACAGACTGGGCTCCCCGGTGACTGCTGGGTGACTTTGGGGGAGGAGAAGGAAGGCCAGCCTCCCGGCCTGATCCCTGGTGCCTGGGGAGGTGAAATGTGTCTTGTGCTG,1
seq_224,GGGACATGCGGTTGGATGCCTGAACCCCAAGGCCCGAGAGAATGTTTGGTCTGGAAAGAGGGGGGAGTCAGGACCACCCCGGCACAGGGGGACAGACTGGGCTCCCCGGTGACTGCTGGGTGACTTTGGGGGAGGAGAAGGAAGGCCAGCCTCCCGGCCTGATCCCTGGTGCCTGGGGAGGTGAAATGTGTCTTGTGCTG,1
seq_257,GGGACATGCGGTTGGATGCCTGAACCCCAAGGCCCGAGAGAATGTTTGGTCTGGAAAGAGGGGGGAGTCAGGACCACCCCGGCACAGGGGGACAGACTGGGCTCCCCGGTGACTGCTGGGTGACTTTGGGGGAGGAGAAGGAAGGCCAGCCTCCCGGCCTGATCCCTGGTGCCTGGGGAGGTGAAATGTGTCTTGTGCTG,1
seq_127,GGGACATGCGGTTGGATGCCTGAACCCCAAGGCCCGAGAGAATGTTTGGTCTGGAAAGCGGGGGGAGTCAGGACCACCCCGGCACAGGGGGACAGACTGGGCTCCCCGGTGACTGCTGGGTGACTTTGGGGGAGGAGAAGGAAGGCCAGCCTCCCGGCCTGATCCCTGGTGCCTGGGGAGGTGAAATGTGTCTTGTGCTG,0
seq_268,GGGACATGCGGTTGGATGCCTGAACCCCAAGGCCCGAGAGAATGTTTGGTCTGGAAAGAGGGGGGAGTCAGGACCACCCCGGCACAGGGGGACAGACTGGGCTCCCCGGTGACTGCTGGGTGACTTTGGGGGAGGAGAAGGAAGGCCAGCCTCCCGGCCTGATCCCTGGTGCCTGGGGAGGTGAAATGTGTCTTGTGCTG,1
seq_281,GGGACATGCGGTTGGATGCCTGAACCCCAAGGCCCGAGAGAATGTTTGGTCTGGAAAGAGGGGGGAGTCAGGACCACCCCGGCACAGGGGGACAGACTGGGCTCCCCGGTGACTGCTGGGTGACTTTGGGGGAGGAGAAGGAAGGCCAGCCTCCCGGCCTGATCCCTGGTGCCTGGGGAGGTGAAATGTGTCTTGTGCTG,1
seq_169,GGGACATGCGGTTGGATGCCTGAACCCCAAGGCCCGAGAGAATGTTTGGTCTGGAAAGCGGGGGGAGTCAGGACCACCCCGGCACAGGGGGACAGACTGGGCTCCCCGGTGACTGCTGGGTGACTTTGGGGGAGGAGAAGGAAGGCCAGCCTCCCGGCCTGATCCCTGGTGCCTGGGGAGGTGAAATGTGTCTTGTGCTG,0
seq_195,GGGACATGCGGTTGGATGCCTGAACCCCAAGGCCCGAGAGAATGTTTGGTCTGGAAAGCGGGGGGAGTCAGGACCACCCCGGCACAGGGGGACAGACTGGGCTCCCCGGTGACTGCTGGGTGACTTTGGGGGAGGAGAAGGAAGGCCAGCCTCCCGGCCTGATCCCTGGTGCCTGGGGAGGTGAAATGTGTCTTGTGCTG,0
seq_275,GGGACATGCGGTTGGATGCCTGAACCCCAAGGCCCGAGAGAATGTTTGGTCTGGAAAGAGGGGGGAGTCAGGACCACCCCGGCACAGGGGGACAGACTGGGCTCCCCGGTGACTGCTGGGTGACTTTGGGGGAGGAGAAGGAAGGCCAGCCTCCCGGCCTGATCCCTGGTGCCTGGGGAGGTGAAATGTGTCTTGTGCTG,1
seq_128,GGGACATGCGGTTGGATGCCTGAACCCCAAGGCCCGAGAGAATGTTTGGTCTGGAAAGCGGGGGGAGTCAGGACCACCCCGGCACAGGGGGACAGACTGGGCTCCCCGGTGACTGCTGGGTGACTTTGGGGGAGGAGAAGGAAGGCCAGCCTCCCGGCCTGATCCCTGGTGCCTGGGGAGGTGAAATGTGTCTTGTGCTG,0
seq_143,GGGACATGCGGTTGGATGCCTGAACCCCAAGGCCCGAGAGAATGTTTGGTCTGGAAAGCGGGGGGAGTCAGGACCACCCCGGCACAGGGGGACAGACTGGGCTCCCCGGTGACTGCTGGGTGACTTTGGGGGAGGAGAAGGAAGGCCAGCCTCCCGGCCTGATCCCTGGTGCCTGGGGAGGTGAAATGTGTCTTGTGCTG,0
seq_254,GGGACATGCGGTTGGATGCCTGAACCCCAAGGCCCGAGAGAATGTTTGGTCTGGAAAGAGGGGGGAGTCAGGACCACCCCGGCACAGGGGGACAGACTGGGCTCCCCGGTGACTGCTGGGTGACTTTGGGGGAGGAGAAGGAAGGCCAGCCTCCCGGCCTGATCCCTGGTGCCTGGGGAGGTGAAATGTGTCTTGTGCTG,1
seq_229,GGGACATGCGGTTGGATGCCTGAACCCCAAGGCCCGAGAGAATGTTTGGTCTGGAAAGAGGGGGGAGTCAGGACCACCCCGGCACAGGGGGACAGACTGGGCTCCCCGGTGACTGCTGGGTGACTTTGGGGGAGGAGAAGGAAGGCCAGCCTCCCGGCCTGATCCCTGGTGCCTGGGGAGGTGAAATGTGTCTTGTGCTG,1
seq_118,GGGACATGCGGTTGGATGCCTGAACCCCAAGGCCCGAGAGAATGTTTGGTCTGGAAAGCGGGGGGAGTCAGGACCACCCCGGCACAGGGGGACAGACTGGGCTCCCCGGTGACTGCTGGGTGACTTTGGGGGAGGAGAAGGAAGGCCAGCCTCCCGGCCTGATCCCTGGTGCCTGGGGAGGTGAAATGTGTCTTGTGCTG,0
seq_239,GGGACATGCGGTTGGATGCCTGAACCCCAAGGCCCGAGAGAATGTTTGGTCTGGAAAGAGGGGGGAGTCAGGACCACCCCGGCACAGGGGGACAGACTGGGCTCCCCGGTGACTGCTGGGTGACTTTGGGGGAGGAGAAGGAAGGCCAGCCTCCCGGCCTGATCCCTGGTGCCTGGGGAGGTGAAATGTGTCTTGTGCTG,1
seq_218,GGGACATGCGGTTGGATGCCTGAACCCCAAGGCCCGAGAGAATGTTTGGTCTGGAAAGAGGGGGGAGTCAGGACCACCCCGGCACAGGGGGACAGACTGGGCTCCCCGGTGACTGCTGGGTGACTTTGGGGGAGGAGAAGGAAGGCCAGCCTCCCGGCCTGATCCCTGGTGCCTGGGGAGGTGAAATGTGTCTTGTGCTG,1
seq_175,GGGACATGCGGTTGGATGCCTGAACCCCAAGGCCCGAGAGAATGTTTGGTCTGGAAAGCGGGGGGAGTCAGGACCACCCCGGCACAGGGGGACAGACTGGGCTCCCCGGTGACTGCTGGGTGACTTTGGGGGAGGAGAAGGAAGGCCAGCCTCCCGGCCTGATCCCTGGTGCCTGGGGAGGTGAAATGTGTCTTGTGCTG,0
seq_162,GGGACATGCGGTTGGATGCCTGAACCCCAAGGCCCGAGAGAATGTTTGGTCTGGAAAGCGGGGGGAGTCAGGACCACCCCGGCACAGGGGGACAGACTGGGCTCCCCGGTGACTGCTGGGTGACTTTGGGGGAGGAGAAGGAAGGCCAGCCTCCCGGCCTGATCCCTGGTGCCTGGGGAGGTGAAATGTGTCTTGTGCTG,0
seq_285,GGGACATGCGGTTGGATGCCTGAACCCCAAGGCCCGAGAGAATGTTTGGTCTGGAAAGAGGGGGGAGTCAGGACCACCCCGGCACAGGGGGACAGACTGGGCTCCCCGGTGACTGCTGGGTGACTTTGGGGGAGGAGAAGGAAGGCCAGCCTCCCGGCCTGATCCCTGGTGCCTGGGGAGGTGAAATGTGTCTTGTGCTG,1
seq_166,GGGACATGCGGTTGGATGCCTGAACCCCAAGGCCCGAGAGAATGTTTGGTCTGGAAAGCGGGGGGAGTCAGGACCACCCCGGCACAGGGGGACAGACTGGGCTCCCCGGTGACTGCTGGGTGACTTTGGGGGAGGAGAAGGAAGGCCAGCCTCCCGGCCTGATCCCTGGTGCCTGGGGAGGTGAAATGTGTCTTGTGCTG,0
seq_115,GGGACATGCGGTTGGATGCCTGAACCCCAAGGCCCGAGAGAATGTTTGGTCTGGAAAGCGGGGGGAGTCAGGACCACCCCGGCACAGGGGGACAGACTGGGCTCCCCGGTGACTGCTGGGTGACTTTGGGGGAGGAGAAGGAAGGCCAGCCTCCCGGCCTGATCCCTGGTGCCTGGGGAGGTGAAATGTGTCTTGTGCTG,0
seq_292,GGGACATGCGGTTGGATGCCTGAACCCCAAGGCCCGAGAGAATGTTTGGTCTGGAAAGAGGGGGGAGTCAGGACCACCCCGGCACAGGGGGACAGACTGGGCTCCCCGGTGACTGCTGGGTGACTTTGGGGGAGGAGAAGGAAGGCCAGCCTCCCGGCCTGATCCCTGGTGCCTGGGGAGGTGAAATGTGTCTTGTGCTG,1
seq_153,GGGACATGCGGTTGGATGCCTGAACCCCAAGGCCCGAGAGAATGTTTGGTCTGGAAAGCGGGGGGAGTCAGGACCACCCCGGCACAGGGGGACAGACTGGGCTCCCCGGTGACTGCTGGGTGACTTTGGGGGAGGAGAAGGAAGGCCAGCCTCCCGGCCTGATCCCTGGTGCCTGGGGAGGTGAAATGTGTCTTGTGCTG,0
seq_180,GGGACATGCGGTTGGATGCCTGAACCCCAAGGCCCGAGAGAATGTTTGGTCTGGAAAGCGGGGGGAGTCAGGACCACCCCGGCACAGGGGGACAGACTGGGCTCCCCGGTGACTGCTGGGTGACTTTGGGGGAGGAGAAGGAAGGCCAGCCTCCCGGCCTGATCCCTGGTGCCTGGGGAGGTGAAATGTGTCTTGTGCTG,0
seq_156,GGGACATGCGGTTGGATGCCTGAACCCCAAGGCCCGAGAGAATGTTTGGTCTGGAAAGCGGGGGGAGTCAGGACCACCCCGGCACAGGGGGACAGACTGGGCTCCCCGGTGACTGCTGGGTGACTTTGGGGGAGGAGAAGGAAGGCCAGCCTCCCGGCCTGATCCCTGGTGCCTGGGGAGGTGAAATGTGTCTTGTGCTG,0
seq_208,GGGACATGCGGTTGGATGCCTGAACCCCAAGGCCCGAGAGAATGTTTGGTCTGGAAAGAGGGGGGAGTCAGGACCACCCCGGCACAGGGGGACAGACTGGGCTCCCCGGTGACTGCTGGGTGACTTTGGGGGAGGAGAAGGAAGGCCAGCCTCCCGGCCTGATCCCTGGTGCCTGGGGAGGTGAAATGTGTCTTGTGCTG,1
seq_171,GGGACATGCGGTTGGATGCCTGAACCCCAAGGCCCGAGAGAATGTTTGGTCTGGAAAGCGGGGGGAGTCAGGACCACCCCGGCACAGGGGGACAGACTGGGCTCCCCGGTGACTGCTGGGTGACTTTGGGGGAGGAGAAGGAAGGCCAGCCTCCCGGCCTGATCCCTGGTGCCTGGGGAGGTGAAATGTGTCTTGTGCTG,0
seq_182,GGGACATGCGGTTGGATGCCTGAACCCCAAGGCCCGAGAGAATGTTTGGTCTGGAAAGCGGGGGGAGTCAGGACCACCCCGGCACAGGGGGACAGACTGGGCTCCCCGGTGACTGCTGGGTGACTTTGGGGGAGGAGAAGGAAGGCCAGCCTCCCGGCCTGATCCCTGGTGCCTGGGGAGGTGAAATGTGTCTTGTGCTG,0
seq_140,GGGACATGCGGTTGGATGCCTGAACCCCAAGGCCCGAGAGAATGTTTGGTCTGGAAAGCGGGGGGAGTCAGGACCACCCCGGCACAGGGGGACAGACTGGGCTCCCCGGTGACTGCTGGGTGACTTTGGGGGAGGAGAAGGAAGGCCAGCCTCCCGGCCTGATCCCTGGTGCCTGGGGAGGTGAAATGTGTCTTGTGCTG,0
seq_201,GGGACATGCGGTTGGATGCCTGAACCCCAAGGCCCGAGAGAATGTTTGGTCTGGAAAGAGGGGGGAGTCAGGACCACCCCGGCACAGGGGGACAGACTGGGCTCCCCGGTGACTGCTGGGTGACTTTGGGGGAGGAGAAGGAAGGCCAGCCTCCCGGCCTGATCCCTGGTGCCTGGGGAGGTGAAATGTGTCTTGTGCTG,1
seq_246,GGGACATGCGGTTGGATGCCTGAACCCCAAGGCCCGAGAGAATGTTTGGTCTGGAAAGAGGGGGGAGTCAGGACCACCCCGGCACAGGGGGACAGACTGGGCTCCCCGGTGACTGCTGGGTGACTTTGGGGGAGGAGAAGGAAGGCCAGCCTCCCGGCCTGATCCCTGGTGCCTGGGGAGGTGAAATGTGTCTTGTGCTG,1
seq_274,GGGACATGCGGTTGGATGCCTGAACCCCAAGGCCCGAGAGAATGTTTGGTCTGGAAAGAGGGGGGAGTCAGGACCACCCCGGCACAGGGGGACAGACTGGGCTCCCCGGTGACTGCTGGGTGACTTTGGGGGAGGAGAAGGAAGGCCAGCCTCCCGGCCTGATCCCTGGTGCCTGGGGAGGTGAAATGTGTCTTGTGCTG,1
seq_270,GGGACATGCGGTTGGATGCCTGAACCCCAAGGCCCGAGAGAATGTTTGGTCTGGAAAGAGGGGGGAGTCAGGACCACCCCGGCACAGGGGGACAGACTGGGCTCCCCGGTGACTGCTGGGTGACTTTGGGGGAGGAGAAGGAAGGCCAGCCTCCCGGCCTGATCCCTGGTGCCTGGGGAGGTGAAATGTGTCTTGTGCTG,1
seq_108,GGGACATGCGGTTGGATGCCTGAACCCCAAGGCCCGAGAGAATGTTTGGTCTGGAAAGCGGGGGGAGTCAGGACCACCCCGGCACAGGGGGACAGACTGGGCTCCCCGGTGACTGCTGGGTGACTTTGGGGGAGGAGAAGGAAGGCCAGCCTCCCGGCCTGATCCCTGGTGCCTGGGGAGGTGAAATGTGTCTTGTGCTG,0
seq_200,GGGACATGCGGTTGGATGCCTGAACCCCAAGGCCCGAGAGAATGTTTGGTCTGGAAAGCGGGGGGAGTCAGGACCACCCCGGCACAGGGGGACAGACTGGGCTCCCCGGTGACTGCTGGGTGACTTTGGGGGAGGAGAAGGAAGGCCAGCCTCCCGGCCTGATCCCTGGTGCCTGGGGAGGTGAAATGTGTCTTGTGCTG,0
seq_240,GGGACATGCGGTTGGATGCCTGAACCCCAAGGCCCGAGAGAATGTTTGGTCTGGAAAGAGGGGGGAGTCAGGACCACCCCGGCACAGGGGGACAGACTGGGCTCCCCGGTGACTGCTGGGTGACTTTGGGGGAGGAGAAGGAAGGCCAGCCTCCCGGCCTGATCCCTGGTGCCTGGGGAGGTGAAATGTGTCTTGTGCTG,1
seq_297,GGGACATGCGGTTGGATGCCTGAACCCCAAGGCCCGAGAGAATGTTTGGTCTGGAAAGAGGGGGGAGTCAGGACCACCCCGGCACAGGGGGACAGACTGGGCTCCCCGGTGACTGCTGGGTGACTTTGGGGGAGGAGAAGGAAGGCCAGCCTCCCGGCCTGATCCCTGGTGCCTGGGGAGGTGAAATGTGTCTTGTGCTG,1
seq_267,GGGACATGCGGTTGGATGCCTGAACCCCAAGGCCCGAGAGAATGTTTGGTCTGGAAAGAGGGGGGAGTCAGGACCACCCCGGCACAGGGGGACAGACTGGGCTCCCCGGTGACTGCTGGGTGACTTTGGGGGAGGAGAAGGAAGGCCAGCCTCCCGGCCTGATCCCTGGTGCCTGGGGAGGTGAAATGTGTCTTGTGCTG,1
seq_101,GGGACATGCGGTTGGATGCCTGAACCCCAAGGCCCGAGAGAATGTTTGGTCTGGAAAGCGGGGGGAGTCAGGACCACCCCGGCACAGGGGGACAGACTGGGCTCCCCGGTGACTGCTGGGTGACTTTGGGGGAGGAGAAGGAAGGCCAGCCTCCCGGCCTGATCCCTGGTGCCTGGGGAGGTGAAATGTGTCTTGTGCTG,0
seq_230,GGGACATGCGGTTGGATGCCTGAACCCCAAGGCCCGAGAGAATGTTTGGTCTGGAAAGAGGGGGGAGTCAGGACCACCCCGGCACAGGGGGACAGACTGGGCTCCCCGGTGACTGCTGGGTGACTTTGGGGGAGGAGAAGGAAGGCCAGCCTCCCGGCCTGATCCCTGGTGCCTGGGGAGGTGAAATGTGTCTTGTGCTG,1
seq_277,GGGACATGCGGTTGGATGCCTGAACCCCAAGGCCCGAGAGAATGTTTGGTCTGGAAAGAGGGGGGAGTCAGGACCACCCCGGCACAGGGGGACAGACTGGGCTCCCCGGTGACTGCTGGGTGACTTTGGGGGAGGAGAAGGAAGGCCAGCCTCCCGGCCTGATCCCTGGTGCCTGGGGAGGTGAAATGTGTCTTGTGCTG,1
seq_147,GGGACATGCGGTTGGATGCCTGAACCCCAAGGCCCGAGAGAATGTTTGGTCTGGAAAGCGGGGGGAGTCAGGACCACCCCGGCACAGGGGGACAGACTGGGCTCCCCGGTGACTGCTGGGTGACTTTGGGGGAGGAGAAGGAAGGCCAGCCTCCCGGCCTGATCCCTGGTGCCTGGGGAGGTGAAATGTGTCTTGTGCTG,0
seq_216,GGGACATGCGGTTGGATGCCTGAACCCCAAGGCCCGAGAGAATGTTTGGTCTGGAAAGAGGGGGGAGTCAGGACCACCCCGGCACAGGGGGACAGACTGGGCTCCCCGGTGACTGCTGGGTGACTTTGGGGGAGGAGAAGGAAGGCCAGCCTCCCGGCCTGATCCCTGGTGCCTGGGGAGGTGAAATGTGTCTTGTGCTG,1
seq_129,GGGACATGCGGTTGGATGCCTGAACCCCAAGGCCCGAGAGAATGTTTGGTCTGGAAAGCGGGGGGAGTCAGGACCACCCCGGCACAGGGGGACAGACTGGGCTCCCCGGTGACTGCTGGGTGACTTTGGGGGAGGAGAAGGAAGGCCAGCCTCCCGGCCTGATCCCTGGTGCCTGGGGAGGTGAAATGTGTCTTGTGCTG,0
seq_120,GGGACATGCGGTTGGATGCCTGAACCCCAAGGCCCGAGAGAATGTTTGGTCTGGAAAGCGGGGGGAGTCAGGACCACCCCGGCACAGGGGGACAGACTGGGCTCCCCGGTGACTGCTGGGTGACTTTGGGGGAGGAGAAGGAAGGCCAGCCTCCCGGCCTGATCCCTGGTGCCTGGGGAGGTGAAATGTGTCTTGTGCTG,0
seq_141,GGGACATGCGGTTGGATGCCTGAACCCCAAGGCCCGAGAGAATGTTTGGTCTGGAAAGCGGGGGGAGTCAGGACCACCCCGGCACAGGGGGACAGACTGGGCTCCCCGGTGACTGCTGGGTGACTTTGGGGGAGGAGAAGGAAGGCCAGCCTCCCGGCCTGATCCCTGGTGCCTGGGGAGGTGAAATGTGTCTTGTGCTG,0
seq_138,GGGACATGCGGTTGGATGCCTGAACCCCAAGGCCCGAGAGAATGTTTGGTCTGGAAAGCGGGGGGAGTCAGGACCACCCCGGCACAGGGGGACAGACTGGGCTCCCCGGTGACTGCTGGGTGACTTTGGGGGAGGAGAAGGAAGGCCAGCCTCCCGGCCTGATCCCTGGTGCCTGGGGAGGTGAAATGTGTCTTGTGCTG,0
seq_265,GGGACATGCGGTTGGATGCCTGAACCCCAAGGCCCGAGAGAATGTTTGGTCTGGAAAGAGGGGGGAGTCAGGACCACCCCGGCACAGGGGGACAGACTGGGCTCCCCGGTGACTGCTGGGTGACTTTGGGGGAGGAGAAGGAAGGCCAGCCTCCCGGCCTGATCCCTGGTGCCTGGGGAGGTGAAATGTGTCTTGTGCTG,1
seq_269,GGGACATGCGGTTGGATGCCTGAACCCCAAGGCCCGAGAGAATGTTTGGTCTGGAAAGAGGGGGGAGTCAGGACCACCCCGGCACAGGGGGACAGACTGGGCTCCCCGGTGACTGCTGGGTGACTTTGGGGGAGGAGAAGGAAGGCCAGCCTCCCGGCCTGATCCCTGGTGCCTGGGGAGGTGAAATGTGTCTTGTGCTG,1
seq_284,GGGACATGCGGTTGGATGCCTGAACCCCAAGGCCCGAGAGAATGTTTGGTCTGGAAAGAGGGGGGAGTCAGGACCACCCCGGCACAGGGGGACAGACTGGGCTCCCCGGTGACTGCTGGGTGACTTTGGGGGAGGAGAAGGAAGGCCAGCCTCCCGGCCTGATCCCTGGTGCCTGGGGAGGTGAAATGTGTCTTGTGCTG,1
seq_211,GGGACATGCGGTTGGATGCCTGAACCCCAAGGCCCGAGAGAATGTTTGGTCTGGAAAGAGGGGGGAGTCAGGACCACCCCGGCACAGGGGGACAGACTGGGCTCCCCGGTGACTGCTGGGTGACTTTGGGGGAGGAGAAGGAAGGCCAGCCTCCCGGCCTGATCCCTGGTGCCTGGGGAGGTGAAATGTGTCTTGTGCTG,1
seq_111,GGGACATGCGGTTGGATGCCTGAACCCCAAGGCCCGAGAGAATGTTTGGTCTGGAAAGCGGGGGGAGTCAGGACCACCCCGGCACAGGGGGACAGACTGGGCTCCCCGGTGACTGCTGGGTGACTTTGGGGGAGGAGAAGGAAGGCCAGCCTCCCGGCCTGATCCCTGGTGCCTGGGGAGGTGAAATGTGTCTTGTGCTG,0
seq_262,GGGACATGCGGTTGGATGCCTGAACCCCAAGGCCCGAGAGAATGTTTGGTCTGGAAAGAGGGGGGAGTCAGGACCACCCCGGCACAGGGGGACAGACTGGGCTCCCCGGTGACTGCTGGGTGACTTTGGGGGAGGAGAAGGAAGGCCAGCCTCCCGGCCTGATCCCTGGTGCCTGGGGAGGTGAAATGTGTCTTGTGCTG,1
seq_253,GGGACATGCGGTTGGATGCCTGAACCCCAAGGCCCGAGAGAATGTTTGGTCTGGAAAGAGGGGGGAGTCAGGACCACCCCGGCACAGGGGGACAGACTGGGCTCCCCGGTGACTGCTGGGTGACTTTGGGGGAGGAGAAGGAAGGCCAGCCTCCCGGCCTGATCCCTGGTGCCTGGGGAGGTGAAATGTGTCTTGTGCTG,1
seq_260,GGGACATGCGGTTGGATGCCTGAACCCCAAGGCCCGAGAGAATGTTTGGTCTGGAAAGAGGGGGGAGTCAGGACCACCCCGGCACAGGGGGACAGACTGGGCTCCCCGGTGACTGCTGGGTGACTTTGGGGGAGGAGAAGGAAGGCCAGCCTCCCGGCCTGATCCCTGGTGCCTGGGGAGGTGAAATGTGTCTTGTGCTG,1
seq_278,GGGACATGCGGTTGGATGCCTGAACCCCAAGGCCCGAGAGAATGTTTGGTCTGGAAAGAGGGGGGAGTCAGGACCACCCCGGCACAGGGGGACAGACTGGGCTCCCCGGTGACTGCTGGGTGACTTTGGGGGAGGAGAAGGAAGGCCAGCCTCCCGGCCTGATCCCTGGTGCCTGGGGAGGTGAAATGTGTCTTGTGCTG,1
seq_185,GGGACATGCGGTTGGATGCCTGAACCCCAAGGCCCGAGAGAATGTTTGGTCTGGAAAGCGGGGGGAGTCAGGACCACCCCGGCACAGGGGGACAGACTGGGCTCCCCGGTGACTGCTGGGTGACTTTGGGGGAGGAGAAGGAAGGCCAGCCTCCCGGCCTGATCCCTGGTGCCTGGGGAGGTGAAATGTGTCTTGTGCTG,0
seq_177,GGGACATGCGGTTGGATGCCTGAACCCCAAGGCCCGAGAGAATGTTTGGTCTGGAAAGCGGGGGGAGTCAGGACCACCCCGGCACAGGGGGACAGACTGGGCTCCCCGGTGACTGCTGGGTGACTTTGGGGGAGGAGAAGGAAGGCCAGCCTCCCGGCCTGATCCCTGGTGCCTGGGGAGGTGAAATGTGTCTTGTGCTG,0
seq_186,GGGACATGCGGTTGGATGCCTGAACCCCAAGGCCCGAGAGAATGTTTGGTCTGGAAAGCGGGGGGAGTCAGGACCACCCCGGCACAGGGGGACAGACTGGGCTCCCCGGTGACTGCTGGGTGACTTTGGGGGAGGAGAAGGAAGGCCAGCCTCCCGGCCTGATCCCTGGTGCCTGGGGAGGTGAAATGTGTCTTGTGCTG,0
seq_150,GGGACATGCGGTTGGATGCCTGAACCCCAAGGCCCGAGAGAATGTTTGGTCTGGAAAGCGGGGGGAGTCAGGACCACCCCGGCACAGGGGGACAGACTGGGCTCCCCGGTGACTGCTGGGTGACTTTGGGGGAGGAGAAGGAAGGCCAGCCTCCCGGCCTGATCCCTGGTGCCTGGGGAGGTGAAATGTGTCTTGTGCTG,0
seq_136,GGGACATGCGGTTGGATGCCTGAACCCCAAGGCCCGAGAGAATGTTTGGTCTGGAAAGCGGGGGGAGTCAGGACCACCCCGGCACAGGGGGACAGACTGGGCTCCCCGGTGACTGCTGGGTGACTTTGGGGGAGGAGAAGGAAGGCCAGCCTCCCGGCCTGATCCCTGGTGCCTGGGGAGGTGAAATGTGTCTTGTGCTG,0
seq_228,GGGACATGCGGTTGGATGCCTGAACCCCAAGGCCCGAGAGAATGTTTGGTCTGGAAAGAGGGGGGAGTCAGGACCACCCCGGCACAGGGGGACAGACTGGGCTCCCCGGTGACTGCTGGGTGACTTTGGGGGAGGAGAAGGAAGGCCAGCCTCCCGGCCTGATCCCTGGTGCCTGGGGAGGTGAAATGTGTCTTGTGCTG,1
seq_221,GGGACATGCGGTTGGATGCCTGAACCCCAAGGCCCGAGAGAATGTTTGGTCTGGAAAGAGGGGGGAGTCAGGACCACCCCGGCACAGGGGGACAGACTGGGCTCCCCGGTGACTGCTGGGTGACTTTGGGGGAGGAGAAGGAAGGCCAGCCTCCCGGCCTGATCCCTGGTGCCTGGGGAGGTGAAATGTGTCTTGTGCTG,1
seq_158,GGGACATGCGGTTGGATGCCTGAACCCCAAGGCCCGAGAGAATGTTTGGTCTGGAAAGCGGGGGGAGTCAGGACCACCCCGGCACAGGGGGACAGACTGGGCTCCCCGGTGACTGCTGGGTGACTTTGGGGGAGGAGAAGGAAGGCCAGCCTCCCGGCCTGATCCCTGGTGCCTGGGGAGGTGAAATGTGTCTTGTGCTG,0
seq_214,GGGACATGCGGTTGGATGCCTGAACCCCAAGGCCCGAGAGAATGTTTGGTCTGGAAAGAGGGGGGAGTCAGGACCACCCCGGCACAGGGGGACAGACTGGGCTCCCCGGTGACTGCTGGGTGACTTTGGGGGAGGAGAAGGAAGGCCAGCCTCCCGGCCTGATCCCTGGTGCCTGGGGAGGTGAAATGTGTCTTGTGCTG,1
seq_293,GGGACATGCGGTTGGATGCCTGAACCCCAAGGCCCGAGAGAATGTTTGGTCTGGAAAGAGGGGGGAGTCAGGACCACCCCGGCACAGGGGGACAGACTGGGCTCCCCGGTGACTGCTGGGTGACTTTGGGGGAGGAGAAGGAAGGCCAGCCTCCCGGCCTGATCCCTGGTGCCTGGGGAGGTGAAATGTGTCTTGTGCTG,1
seq_243,GGGACATGCGGTTGGATGCCTGAACCCCAAGGCCCGAGAGAATGTTTGGTCTGGAAAGAGGGGGGAGTCAGGACCACCCCGGCACAGGGGGACAGACTGGGCTCCCCGGTGACTGCTGGGTGACTTTGGGGGAGGAGAAGGAAGGCCAGCCTCCCGGCCTGATCCCTGGTGCCTGGGGAGGTGAAATGTGTCTTGTGCTG,1
seq_165,GGGACATGCGGTTGGATGCCTGAACCCCAAGGCCCGAGAGAATGTTTGGTCTGGAAAGCGGGGGGAGTCAGGACCACCCCGGCACAGGGGGACAGACTGGGCTCCCCGGTGACTGCTGGGTGACTTTGGGGGAGGAGAAGGAAGGCCAGCCTCCCGGCCTGATCCCTGGTGCCTGGGGAGGTGAAATGTGTCTTGTGCTG,0
seq_149,GGGACATGCGGTTGGATGCCTGAACCCCAAGGCCCGAGAGAATGTTTGGTCTGGAAAGCGGGGGGAGTCAGGACCACCCCGGCACAGGGGGACAGACTGGGCTCCCCGGTGACTGCTGGGTGACTTTGGGGGAGGAGAAGGAAGGCCAGCCTCCCGGCCTGATCCCTGGTGCCTGGGGAGGTGAAATGTGTCTTGTGCTG,0
seq_264,GGGACATGCGGTTGGATGCCTGAACCCCAAGGCCCGAGAGAATGTTTGGTCTGGAAAGAGGGGGGAGTCAGGACCACCCCGGCACAGGGGGACAGACTGGGCTCCCCGGTGACTGCTGGGTGACTTTGGGGGAGGAGAAGGAAGGCCAGCCTCCCGGCCTGATCCCTGGTGCCTGGGGAGGTGAAATGTGTCTTGTGCTG,1
seq_296,GGGACATGCGGTTGGATGCCTGAACCCCAAGGCCCGAGAGAATGTTTGGTCTGGAAAGAGGGGGGAGTCAGGACCACCCCGGCACAGGGGGACAGACTGGGCTCCCCGGTGACTGCTGGGTGACTTTGGGGGAGGAGAAGGAAGGCCAGCCTCCCGGCCTGATCCCTGGTGCCTGGGGAGGTGAAATGTGTCTTGTGCTG,1
seq_191,GGGACATGCGGTTGGATGCCTGAACCCCAAGGCCCGAGAGAATGTTTGGTCTGGAAAGCGGGGGGAGTCAGGACCACCCCGGCACAGGGGGACAGACTGGGCTCCCCGGTGACTGCTGGGTGACTTTGGGGGAGGAGAAGGAAGGCCAGCCTCCCGGCCTGATCCCTGGTGCCTGGGGAGGTGAAATGTGTCTTGTGCTG,0
seq_250,GGGACATGCGGTTGGATGCCTGAACCCCAAGGCCCGAGAGAATGTTTGGTCTGGAAAGAGGGGGGAGTCAGGACCACCCCGGCACAGGGGGACAGACTGGGCTCCCCGGTGACTGCTGGGTGACTTTGGGGGAGGAGAAGGAAGGCCAGCCTCCCGGCCTGATCCCTGGTGCCTGGGGAGGTGAAATGTGTCTTGTGCTG,1
seq_271,GGGACATGCGGTTGGATGCCTGAACCCCAAGGCCCGAGAGAATGTTTGGTCTGGAAAGAGGGGGGAGTCAGGACCACCCCGGCACAGGGGGACAGACTGGGCTCCCCGGTGACTGCTGGGTGACTTTGGGGGAGGAGAAGGAAGGCCAGCCTCCCGGCCTGATCCCTGGTGCCTGGGGAGGTGAAATGTGTCTTGTGCTG,1
seq_146,GGGACATGCGGTTGGATGCCTGAACCCCAAGGCCCGAGAGAATGTTTGGTCTGGAAAGCGGGGGGAGTCAGGACCACCCCGGCACAGGGGGACAGACTGGGCTCCCCGGTGACTGCTGGGTGACTTTGGGGGAGGAGAAGGAAGGCCAGCCTCCCGGCCTGATCCCTGGTGCCTGGGGAGGTGAAATGTGTCTTGTGCTG,0
seq_282,GGGACATGCGGTTGGATGCCTGAACCCCAAGGCCCGAGAGAATGTTTGGTCTGGAAAGAGGGGGGAGTCAGGACCACCCCGGCACAGGGGGACAGACTGGGCTCCCCGGTGACTGCTGGGTGACTTTGGGGGAGGAGAAGGAAGGCCAGCCTCCCGGCCTGATCCCTGGTGCCTGGGGAGGTGAAATGTGTCTTGTGCTG,1
seq_233,GGGACATGCGGTTGGATGCCTGAACCCCAAGGCCCGAGAGAATGTTTGGTCTGGAAAGAGGGGGGAGTCAGGACCACCCCGGCACAGGGGGACAGACTGGGCTCCCCGGTGACTGCTGGGTGACTTTGGGGGAGGAGAAGGAAGGCCAGCCTCCCGGCCTGATCCCTGGTGCCTGGGGAGGTGAAATGTGTCTTGTGCTG,1
seq_116,GGGACATGCGGTTGGATGCCTGAACCCCAAGGCCCGAGAGAATGTTTGGTCTGGAAAGCGGGGGGAGTCAGGACCACCCCGGCACAGGGGGACAGACTGGGCTCCCCGGTGACTGCTGGGTGACTTTGGGGGAGGAGAAGGAAGGCCAGCCTCCCGGCCTGATCCCTGGTGCCTGGGGAGGTGAAATGTGTCTTGTGCTG,0
seq_154,GGGACATGCGGTTGGATGCCTGAACCCCAAGGCCCGAGAGAATGTTTGGTCTGGAAAGCGGGGGGAGTCAGGACCACCCCGGCACAGGGGGACAGACTGGGCTCCCCGGTGACTGCTGGGTGACTTTGGGGGAGGAGAAGGAAGGCCAGCCTCCCGGCCTGATCCCTGGTGCCTGGGGAGGTGAAATGTGTCTTGTGCTG,0
seq_122,GGGACATGCGGTTGGATGCCTGAACCCCAAGGCCCGAGAGAATGTTTGGTCTGGAAAGCGGGGGGAGTCAGGACCACCCCGGCACAGGGGGACAGACTGGGCTCCCCGGTGACTGCTGGGTGACTTTGGGGGAGGAGAAGGAAGGCCAGCCTCCCGGCCTGATCCCTGGTGCCTGGGGAGGTGAAATGTGTCTTGTGCTG,0
seq_226,GGGACATGCGGTTGGATGCCTGAACCCCAAGGCCCGAGAGAATGTTTGGTCTGGAAAGAGGGGGGAGTCAGGACCACCCCGGCACAGGGGGACAGACTGGGCTCCCCGGTGACTGCTGGGTGACTTTGGGGGAGGAGAAGGAAGGCCAGCCTCCCGGCCTGATCCCTGGTGCCTGGGGAGGTGAAATGTGTCTTGTGCTG,1
seq_135,GGGACATGCGGTTGGATGCCTGAACCCCAAGGCCCGAGAGAATGTTTGGTCTGGAAAGCGGGGGGAGTCAGGACCACCCCGGCACAGGGGGACAGACTGGGCTCCCCGGTGACTGCTGGGTGACTTTGGGGGAGGAGAAGGAAGGCCAGCCTCCCGGCCTGATCCCTGGTGCCTGGGGAGGTGAAATGTGTCTTGTGCTG,0
seq_172,GGGACATGCGGTTGGATGCCTGAACCCCAAGGCCCGAGAGAATGTTTGGTCTGGAAAGCGGGGGGAGTCAGGACCACCCCGGCACAGGGGGACAGACTGGGCTCCCCGGTGACTGCTGGGTGACTTTGGGGGAGGAGAAGGAAGGCCAGCCTCCCGGCCTGATCCCTGGTGCCTGGGGAGGTGAAATGTGTCTTGTGCTG,0
seq_110,GGGACATGCGGTTGGATGCCTGAACCCCAAGGCCCGAGAGAATGTTTGGTCTGGAAAGCGGGGGGAGTCAGGACCACCCCGGCACAGGGGGACAGACTGGGCTCCCCGGTGACTGCTGGGTGACTTTGGGGGAGGAGAAGGAAGGCCAGCCTCCCGGCCTGATCCCTGGTGCCTGGGGAGGTGAAATGTGTCTTGTGCTG,0
seq_179,GGGACATGCGGTTGGATGCCTGAACCCCAAGGCCCGAGAGAATGTTTGGTCTGGAAAGCGGGGGGAGTCAGGACCACCCCGGCACAGGGGGACAGACTGGGCTCCCCGGTGACTGCTGGGTGACTTTGGGGGAGGAGAAGGAAGGCCAGCCTCCCGGCCTGATCCCTGGTGCCTGGGGAGGTGAAATGTGTCTTGTGCTG,0
seq_168,GGGACATGCGGTTGGATGCCTGAACCCCAAGGCCCGAGAGAATGTTTGGTCTGGAAAGCGGGGGGAGTCAGGACCACCCCGGCACAGGGGGACAGACTGGGCTCCCCGGTGACTGCTGGGTGACTTTGGGGGAGGAGAAGGAAGGCCAGCCTCCCGGCCTGATCCCTGGTGCCTGGGGAGGTGAAATGTGTCTTGTGCTG,0
seq_205,GGGACATGCGGTTGGATGCCTGAACCCCAAGGCCCGAGAGAATGTTTGGTCTGGAAAGAGGGGGGAGTCAGGACCACCCCGGCACAGGGGGACAGACTGGGCTCCCCGGTGACTGCTGGGTGACTTTGGGGGAGGAGAAGGAAGGCCAGCCTCCCGGCCTGATCCCTGGTGCCTGGGGAGGTGAAATGTGTCTTGTGCTG,1
seq_181,GGGACATGCGGTTGGATGCCTGAACCCCAAGGCCCGAGAGAATGTTTGGTCTGGAAAGCGGGGGGAGTCAGGACCACCCCGGCACAGGGGGACAGACTGGGCTCCCCGGTGACTGCTGGGTGACTTTGGGGGAGGAGAAGGAAGGCCAGCCTCCCGGCCTGATCCCTGGTGCCTGGGGAGGTGAAATGTGTCTTGTGCTG,0
seq_279,GGGACATGCGGTTGGATGCCTGAACCCCAAGGCCCGAGAGAATGTTTGGTCTGGAAAGAGGGGGGAGTCAGGACCACCCCGGCACAGGGGGACAGACTGGGCTCCCCGGTGACTGCTGGGTGACTTTGGGGGAGGAGAAGGAAGGCCAGCCTCCCGGCCTGATCCCTGGTGCCTGGGGAGGTGAAATGTGTCTTGTGCTG,1
seq_202,GGGACATGCGGTTGGATGCCTGAACCCCAAGGCCCGAGAGAATGTTTGGTCTGGAAAGAGGGGGGAGTCAGGACCACCCCGGCACAGGGGGACAGACTGGGCTCCCCGGTGACTGCTGGGTGACTTTGGGGGAGGAGAAGGAAGGCCAGCCTCCCGGCCTGATCCCTGGTGCCTGGGGAGGTGAAATGTGTCTTGTGCTG,1
seq_126,GGGACATGCGGTTGGATGCCTGAACCCCAAGGCCCGAGAGAATGTTTGGTCTGGAAAGCGGGGGGAGTCAGGACCACCCCGGCACAGGGGGACAGACTGGGCTCCCCGGTGACTGCTGGGTGACTTTGGGGGAGGAGAAGGAAGGCCAGCCTCCCGGCCTGATCCCTGGTGCCTGGGGAGGTGAAATGTGTCTTGTGCTG,0
seq_155,GGGACATGCGGTTGGATGCCTGAACCCCAAGGCCCGAGAGAATGTTTGGTCTGGAAAGCGGGGGGAGTCAGGACCACCCCGGCACAGGGGGACAGACTGGGCTCCCCGGTGACTGCTGGGTGACTTTGGGGGAGGAGAAGGAAGGCCAGCCTCCCGGCCTGATCCCTGGTGCCTGGGGAGGTGAAATGTGTCTTGTGCTG,0
seq_117,GGGACATGCGGTTGGATGCCTGAACCCCAAGGCCCGAGAGAATGTTTGGTCTGGAAAGCGGGGGGAGTCAGGACCACCCCGGCACAGGGGGACAGACTGGGCTCCCCGGTGACTGCTGGGTGACTTTGGGGGAGGAGAAGGAAGGCCAGCCTCCCGGCCTGATCCCTGGTGCCTGGGGAGGTGAAATGTGTCTTGTGCTG,0
seq_255,GGGACATGCGGTTGGATGCCTGAACCCCAAGGCCCGAGAGAATGTTTGGTCTGGAAAGAGGGGGGAGTCAGGACCACCCCGGCACAGGGGGACAGACTGGGCTCCCCGGTGACTGCTGGGTGACTTTGGGGGAGGAGAAGGAAGGCCAGCCTCCCGGCCTGATCCCTGGTGCCTGGGGAGGTGAAATGTGTCTTGTGCTG,1
seq_259,GGGACATGCGGTTGGATGCCTGAACCCCAAGGCCCGAGAGAATGTTTGGTCTGGAAAGAGGGGGGAGTCAGGACCACCCCGGCACAGGGGGACAGACTGGGCTCCCCGGTGACTGCTGGGTGACTTTGGGGGAGGAGAAGGAAGGCCAGCCTCCCGGCCTGATCCCTGGTGCCTGGGGAGGTGAAATGTGTCTTGTGCTG,1
seq_251,GGGACATGCGGTTGGATGCCTGAACCCCAAGGCCCGAGAGAATGTTTGGTCTGGAAAGAGGGGGGAGTCAGGACCACCCCGGCACAGGGGGACAGACTGGGCTCCCCGGTGACTGCTGGGTGACTTTGGGGGAGGAGAAGGAAGGCCAGCCTCCCGGCCTGATCCCTGGTGCCTGGGGAGGTGAAATGTGTCTTGTGCTG,1
seq_103,GGGACATGCGGTTGGATGCCTGAACCCCAAGGCCCGAGAGAATGTTTGGTCTGGAAAGCGGGGGGAGTCAGGACCACCCCGGCACAGGGGGACAGACTGGGCTCCCCGGTGACTGCTGGGTGACTTTGGGGGAGGAGAAGGAAGGCCAGCCTCCCGGCCTGATCCCTGGTGCCTGGGGAGGTGAAATGTGTCTTGTGCTG,0
seq_104,GGGACATGCGGTTGGATGCCTGAACCCCAAGGCCCGAGAGAATGTTTGGTCTGGAAAGCGGGGGGAGTCAGGACCACCCCGGCACAGGGGGACAGACTGGGCTCCCCGGTGACTGCTGGGTGACTTTGGGGGAGGAGAAGGAAGGCCAGCCTCCCGGCCTGATCCCTGGTGCCTGGGGAGGTGAAATGTGTCTTGTGCTG,0
seq_196,GGGACATGCGGTTGGATGCCTGAACCCCAAGGCCCGAGAGAATGTTTGGTCTGGAAAGCGGGGGGAGTCAGGACCACCCCGGCACAGGGGGACAGACTGGGCTCCCCGGTGACTGCTGGGTGACTTTGGGGGAGGAGAAGGAAGGCCAGCCTCCCGGCCTGATCCCTGGTGCCTGGGGAGGTGAAATGTGTCTTGTGCTG,0
seq_130,GGGACATGCGGTTGGATGCCTGAACCCCAAGGCCCGAGAGAATGTTTGGTCTGGAAAGCGGGGGGAGTCAGGACCACCCCGGCACAGGGGGACAGACTGGGCTCCCCGGTGACTGCTGGGTGACTTTGGGGGAGGAGAAGGAAGGCCAGCCTCCCGGCCTGATCCCTGGTGCCTGGGGAGGTGAAATGTGTCTTGTGCTG,0
seq_160,GGGACATGCGGTTGGATGCCTGAACCCCAAGGCCCGAGAGAATGTTTGGTCTGGAAAGCGGGGGGAGTCAGGACCACCCCGGCACAGGGGGACAGACTGGGCTCCCCGGTGACTGCTGGGTGACTTTGGGGGAGGAGAAGGAAGGCCAGCCTCCCGGCCTGATCCCTGGTGCCTGGGGAGGTGAAATGTGTCTTGTGCTG,0
seq_152,GGGACATGCGGTTGGATGCCTGAACCCCAAGGCCCGAGAGAATGTTTGGTCTGGAAAGCGGGGGGAGTCAGGACCACCCCGGCACAGGGGGACAGACTGGGCTCCCCGGTGACTGCTGGGTGACTTTGGGGGAGGAGAAGGAAGGCCAGCCTCCCGGCCTGATCCCTGGTGCCTGGGGAGGTGAAATGTGTCTTGTGCTG,0
seq_295,GGGACATGCGGTTGGATGCCTGAACCCCAAGGCCCGAGAGAATGTTTGGTCTGGAAAGAGGGGGGAGTCAGGACCACCCCGGCACAGGGGGACAGACTGGGCTCCCCGGTGACTGCTGGGTGACTTTGGGGGAGGAGAAGGAAGGCCAGCCTCCCGGCCTGATCCCTGGTGCCTGGGGAGGTGAAATGTGTCTTGTGCTG,1
seq_212,GGGACATGCGGTTGGATGCCTGAACCCCAAGGCCCGAGAGAATGTTTGGTCTGGAAAGAGGGGGGAGTCAGGACCACCCCGGCACAGGGGGACAGACTGGGCTCCCCGGTGACTGCTGGGTGACTTTGGGGGAGGAGAAGGAAGGCCAGCCTCCCGGCCTGATCCCTGGTGCCTGGGGAGGTGAAATGTGTCTTGTGCTG,1
seq_123,GGGACATGCGGTTGGATGCCTGAACCCCAAGGCCCGAGAGAATGTTTGGTCTGGAAAGCGGGGGGAGTCAGGACCACCCCGGCACAGGGGGACAGACTGGGCTCCCCGGTGACTGCTGGGTGACTTTGGGGGAGGAGAAGGAAGGCCAGCCTCCCGGCCTGATCCCTGGTGCCTGGGGAGGTGAAATGTGTCTTGTGCTG,0
seq_236,GGGACATGCGGTTGGATGCCTGAACCCCAAGGCCCGAGAGAATGTTTGGTCTGGAAAGAGGGGGGAGTCAGGACCACCCCGGCACAGGGGGACAGACTGGGCTCCCCGGTGACTGCTGGGTGACTTTGGGGGAGGAGAAGGAAGGCCAGCCTCCCGGCCTGATCCCTGGTGCCTGGGGAGGTGAAATGTGTCTTGTGCTG,1
seq_183,GGGACATGCGGTTGGATGCCTGAACCCCAAGGCCCGAGAGAATGTTTGGTCTGGAAAGCGGGGGGAGTCAGGACCACCCCGGCACAGGGGGACAGACTGGGCTCCCCGGTGACTGCTGGGTGACTTTGGGGGAGGAGAAGGAAGGCCAGCCTCCCGGCCTGATCCCTGGTGCCTGGGGAGGTGAAATGTGTCTTGTGCTG,0
seq_174,GGGACATGCGGTTGGATGCCTGAACCCCAAGGCCCGAGAGAATGTTTGGTCTGGAAAGCGGGGGGAGTCAGGACCACCCCGGCACAGGGGGACAGACTGGGCTCCCCGGTGACTGCTGGGTGACTTTGGGGGAGGAGAAGGAAGGCCAGCCTCCCGGCCTGATCCCTGGTGCCTGGGGAGGTGAAATGTGTCTTGTGCTG,0
seq_119,GGGACATGCGGTTGGATGCCTGAACCCCAAGGCCCGAGAGAATGTTTGGTCTGGAAAGCGGGGGGAGTCAGGACCACCCCGGCACAGGGGGACAGACTGGGCTCCCCGGTGACTGCTGGGTGACTTTGGGGGAGGAGAAGGAAGGCCAGCCTCCCGGCCTGATCCCTGGTGCCTGGGGAGGTGAAATGTGTCTTGTGCTG,0
seq_294,GGGACATGCGGTTGGATGCCTGAACCCCAAGGCCCGAGAGAATGTTTGGTCTGGAAAGAGGGGGGAGTCAGGACCACCCCGGCACAGGGGGACAGACTGGGCTCCCCGGTGACTGCTGGGTGACTTTGGGGGAGGAGAAGGAAGGCCAGCCTCCCGGCCTGATCCCTGGTGCCTGGGGAGGTGAAATGTGTCTTGTGCTG,1
seq_276,GGGACATGCGGTTGGATGCCTGAACCCCAAGGCCCGAGAGAATGTTTGGTCTGGAAAGAGGGGGGAGTCAGGACCACCCCGGCACAGGGGGACAGACTGGGCTCCCCGGTGACTGCTGGGTGACTTTGGGGGAGGAGAAGGAAGGCCAGCCTCCCGGCCTGATCCCTGGTGCCTGGGGAGGTGAAATGTGTCTTGTGCTG,1
seq_187,GGGACATGCGGTTGGATGCCTGAACCCCAAGGCCCGAGAGAATGTTTGGTCTGGAAAGCGGGGGGAGTCAGGACCACCCCGGCACAGGGGGACAGACTGGGCTCCCCGGTGACTGCTGGGTGACTTTGGGGGAGGAGAAGGAAGGCCAGCCTCCCGGCCTGATCCCTGGTGCCTGGGGAGGTGAAATGTGTCTTGTGCTG,0
seq_142,GGGACATGCGGTTGGATGCCTGAACCCCAAGGCCCGAGAGAATGTTTGGTCTGGAAAGCGGGGGGAGTCAGGACCACCCCGGCACAGGGGGACAGACTGGGCTCCCCGGTGACTGCTGGGTGACTTTGGGGGAGGAGAAGGAAGGCCAGCCTCCCGGCCTGATCCCTGGTGCCTGGGGAGGTGAAATGTGTCTTGTGCTG,0
seq_170,GGGACATGCGGTTGGATGCCTGAACCCCAAGGCCCGAGAGAATGTTTGGTCTGGAAAGCGGGGGGAGTCAGGACCACCCCGGCACAGGGGGACAGACTGGGCTCCCCGGTGACTGCTGGGTGACTTTGGGGGAGGAGAAGGAAGGCCAGCCTCCCGGCCTGATCCCTGGTGCCTGGGGAGGTGAAATGTGTCTTGTGCTG,0
seq_114,GGGACATGCGGTTGGATGCCTGAACCCCAAGGCCCGAGAGAATGTTTGGTCTGGAAAGCGGGGGGAGTCAGGACCACCCCGGCACAGGGGGACAGACTGGGCTCCCCGGTGACTGCTGGGTGACTTTGGGGGAGGAGAAGGAAGGCCAGCCTCCCGGCCTGATCCCTGGTGCCTGGGGAGGTGAAATGTGTCTTGTGCTG,0
seq_231,GGGACATGCGGTTGGATGCCTGAACCCCAAGGCCCGAGAGAATGTTTGGTCTGGAAAGAGGGGGGAGTCAGGACCACCCCGGCACAGGGGGACAGACTGGGCTCCCCGGTGACTGCTGGGTGACTTTGGGGGAGGAGAAGGAAGGCCAGCCTCCCGGCCTGATCCCTGGTGCCTGGGGAGGTGAAATGTGTCTTGTGCTG,1
seq_164,GGGACATGCGGTTGGATGCCTGAACCCCAAGGCCCGAGAGAATGTTTGGTCTGGAAAGCGGGGGGAGTCAGGACCACCCCGGCACAGGGGGACAGACTGGGCTCCCCGGTGACTGCTGGGTGACTTTGGGGGAGGAGAAGGAAGGCCAGCCTCCCGGCCTGATCCCTGGTGCCTGGGGAGGTGAAATGTGTCTTGTGCTG,0
seq_288,GGGACATGCGGTTGGATGCCTGAACCCCAAGGCCCGAGAGAATGTTTGGTCTGGAAAGAGGGGGGAGTCAGGACCACCCCGGCACAGGGGGACAGACTGGGCTCCCCGGTGACTGCTGGGTGACTTTGGGGGAGGAGAAGGAAGGCCAGCCTCCCGGCCTGATCCCTGGTGCCTGGGGAGGTGAAATGTGTCTTGTGCTG,1
seq_217,GGGACATGCGGTTGGATGCCTGAACCCCAAGGCCCGAGAGAATGTTTGGTCTGGAAAGAGGGGGGAGTCAGGACCACCCCGGCACAGGGGGACAGACTGGGCTCCCCGGTGACTGCTGGGTGACTTTGGGGGAGGAGAAGGAAGGCCAGCCTCCCGGCCTGATCCCTGGTGCCTGGGGAGGTGAAATGTGTCTTGTGCTG,1
seq_258,GGGACATGCGGTTGGATGCCTGAACCCCAAGGCCCGAGAGAATGTTTGGTCTGGAAAGAGGGGGGAGTCAGGACCACCCCGGCACAGGGGGACAGACTGGGCTCCCCGGTGACTGCTGGGTGACTTTGGGGGAGGAGAAGGAAGGCCAGCCTCCCGGCCTGATCCCTGGTGCCTGGGGAGGTGAAATGTGTCTTGTGCTG,1
seq_209,GGGACATGCGGTTGGATGCCTGAACCCCAAGGCCCGAGAGAATGTTTGGTCTGGAAAGAGGGGGGAGTCAGGACCACCCCGGCACAGGGGGACAGACTGGGCTCCCCGGTGACTGCTGGGTGACTTTGGGGGAGGAGAAGGAAGGCCAGCCTCCCGGCCTGATCCCTGGTGCCTGGGGAGGTGAAATGTGTCTTGTGCTG,1
seq_207,GGGACATGCGGTTGGATGCCTGAACCCCAAGGCCCGAGAGAATGTTTGGTCTGGAAAGAGGGGGGAGTCAGGACCACCCCGGCACAGGGGGACAGACTGGGCTCCCCGGTGACTGCTGGGTGACTTTGGGGGAGGAGAAGGAAGGCCAGCCTCCCGGCCTGATCCCTGGTGCCTGGGGAGGTGAAATGTGTCTTGTGCTG,1
seq_206,GGGACATGCGGTTGGATGCCTGAACCCCAAGGCCCGAGAGAATGTTTGGTCTGGAAAGAGGGGGGAGTCAGGACCACCCCGGCACAGGGGGACAGACTGGGCTCCCCGGTGACTGCTGGGTGACTTTGGGGGAGGAGAAGGAAGGCCAGCCTCCCGGCCTGATCCCTGGTGCCTGGGGAGGTGAAATGTGTCTTGTGCTG,1
seq_131,GGGACATGCGGTTGGATGCCTGAACCCCAAGGCCCGAGAGAATGTTTGGTCTGGAAAGCGGGGGGAGTCAGGACCACCCCGGCACAGGGGGACAGACTGGGCTCCCCGGTGACTGCTGGGTGACTTTGGGGGAGGAGAAGGAAGGCCAGCCTCCCGGCCTGATCCCTGGTGCCTGGGGAGGTGAAATGTGTCTTGTGCTG,0
seq_109,GGGACATGCGGTTGGATGCCTGAACCCCAAGGCCCGAGAGAATGTTTGGTCTGGAAAGCGGGGGGAGTCAGGACCACCCCGGCACAGGGGGACAGACTGGGCTCCCCGGTGACTGCTGGGTGACTTTGGGGGAGGAGAAGGAAGGCCAGCCTCCCGGCCTGATCCCTGGTGCCTGGGGAGGTGAAATGTGTCTTGTGCTG,0
seq_244,GGGACATGCGGTTGGATGCCTGAACCCCAAGGCCCGAGAGAATGTTTGGTCTGGAAAGAGGGGGGAGTCAGGACCACCCCGGCACAGGGGGACAGACTGGGCTCCCCGGTGACTGCTGGGTGACTTTGGGGGAGGAGAAGGAAGGCCAGCCTCCCGGCCTGATCCCTGGTGCCTGGGGAGGTGAAATGTGTCTTGTGCTG,1
seq_159,GGGACATGCGGTTGGATGCCTGAACCCCAAGGCCCGAGAGAATGTTTGGTCTGGAAAGCGGGGGGAGTCAGGACCACCCCGGCACAGGGGGACAGACTGGGCTCCCCGGTGACTGCTGGGTGACTTTGGGGGAGGAGAAGGAAGGCCAGCCTCCCGGCCTGATCCCTGGTGCCTGGGGAGGTGAAATGTGTCTTGTGCTG,0
seq_157,GGGACATGCGGTTGGATGCCTGAACCCCAAGGCCCGAGAGAATGTTTGGTCTGGAAAGCGGGGGGAGTCAGGACCACCCCGGCACAGGGGGACAGACTGGGCTCCCCGGTGACTGCTGGGTGACTTTGGGGGAGGAGAAGGAAGGCCAGCCTCCCGGCCTGATCCCTGGTGCCTGGGGAGGTGAAATGTGTCTTGTGCTG,0
seq_241,GGGACATGCGGTTGGATGCCTGAACCCCAAGGCCCGAGAGAATGTTTGGTCTGGAAAGAGGGGGGAGTCAGGACCACCCCGGCACAGGGGGACAGACTGGGCTCCCCGGTGACTGCTGGGTGACTTTGGGGGAGGAGAAGGAAGGCCAGCCTCCCGGCCTGATCCCTGGTGCCTGGGGAGGTGAAATGTGTCTTGTGCTG,1
seq_247,GGGACATGCGGTTGGATGCCTGAACCCCAAGGCCCGAGAGAATGTTTGGTCTGGAAAGAGGGGGGAGTCAGGACCACCCCGGCACAGGGGGACAGACTGGGCTCCCCGGTGACTGCTGGGTGACTTTGGGGGAGGAGAAGGAAGGCCAGCCTCCCGGCCTGATCCCTGGTGCCTGGGGAGGTGAAATGTGTCTTGTGCTG,1
seq_194,GGGACATGCGGTTGGATGCCTGAACCCCAAGGCCCGAGAGAATGTTTGGTCTGGAAAGCGGGGGGAGTCAGGACCACCCCGGCACAGGGGGACAGACTGGGCTCCCCGGTGACTGCTGGGTGACTTTGGGGGAGGAGAAGGAAGGCCAGCCTCCCGGCCTGATCCCTGGTGCCTGGGGAGGTGAAATGTGTCTTGTGCTG,0
seq_161,GGGACATGCGGTTGGATGCCTGAACCCCAAGGCCCGAGAGAATGTTTGGTCTGGAAAGCGGGGGGAGTCAGGACCACCCCGGCACAGGGGGACAGACTGGGCTCCCCGGTGACTGCTGGGTGACTTTGGGGGAGGAGAAGGAAGGCCAGCCTCCCGGCCTGATCCCTGGTGCCTGGGGAGGTGAAATGTGTCTTGTGCTG,0
seq_184,GGGACATGCGGTTGGATGCCTGAACCCCAAGGCCCGAGAGAATGTTTGGTCTGGAAAGCGGGGGGAGTCAGGACCACCCCGGCACAGGGGGACAGACTGGGCTCCCCGGTGACTGCTGGGTGACTTTGGGGGAGGAGAAGGAAGGCCAGCCTCCCGGCCTGATCCCTGGTGCCTGGGGAGGTGAAATGTGTCTTGTGCTG,0
seq_286,GGGACATGCGGTTGGATGCCTGAACCCCAAGGCCCGAGAGAATGTTTGGTCTGGAAAGAGGGGGGAGTCAGGACCACCCCGGCACAGGGGGACAGACTGGGCTCCCCGGTGACTGCTGGGTGACTTTGGGGGAGGAGAAGGAAGGCCAGCCTCCCGGCCTGATCCCTGGTGCCTGGGGAGGTGAAATGTGTCTTGTGCTG,1
seq_139,GGGACATGCGGTTGGATGCCTGAACCCCAAGGCCCGAGAGAATGTTTGGTCTGGAAAGCGGGGGGAGTCAGGACCACCCCGGCACAGGGGGACAGACTGGGCTCCCCGGTGACTGCTGGGTGACTTTGGGGGAGGAGAAGGAAGGCCAGCCTCCCGGCCTGATCCCTGGTGCCTGGGGAGGTGAAATGTGTCTTGTGCTG,0
seq_163,GGGACATGCGGTTGGATGCCTGAACCCCAAGGCCCGAGAGAATGTTTGGTCTGGAAAGCGGGGGGAGTCAGGACCACCCCGGCACAGGGGGACAGACTGGGCTCCCCGGTGACTGCTGGGTGACTTTGGGGGAGGAGAAGGAAGGCCAGCCTCCCGGCCTGATCCCTGGTGCCTGGGGAGGTGAAATGTGTCTTGTGCTG,0
seq_167,GGGACATGCGGTTGGATGCCTGAACCCCAAGGCCCGAGAGAATGTTTGGTCTGGAAAGCGGGGGGAGTCAGGACCACCCCGGCACAGGGGGACAGACTGGGCTCCCCGGTGACTGCTGGGTGACTTTGGGGGAGGAGAAGGAAGGCCAGCCTCCCGGCCTGATCCCTGGTGCCTGGGGAGGTGAAATGTGTCTTGTGCTG,0
seq_256,GGGACATGCGGTTGGATGCCTGAACCCCAAGGCCCGAGAGAATGTTTGGTCTGGAAAGAGGGGGGAGTCAGGACCACCCCGGCACAGGGGGACAGACTGGGCTCCCCGGTGACTGCTGGGTGACTTTGGGGGAGGAGAAGGAAGGCCAGCCTCCCGGCCTGATCCCTGGTGCCTGGGGAGGTGAAATGTGTCTTGTGCTG,1
seq_227,GGGACATGCGGTTGGATGCCTGAACCCCAAGGCCCGAGAGAATGTTTGGTCTGGAAAGAGGGGGGAGTCAGGACCACCCCGGCACAGGGGGACAGACTGGGCTCCCCGGTGACTGCTGGGTGACTTTGGGGGAGGAGAAGGAAGGCCAGCCTCCCGGCCTGATCCCTGGTGCCTGGGGAGGTGAAATGTGTCTTGTGCTG,1
seq_173,GGGACATGCGGTTGGATGCCTGAACCCCAAGGCCCGAGAGAATGTTTGGTCTGGAAAGCGGGGGGAGTCAGGACCACCCCGGCACAGGGGGACAGACTGGGCTCCCCGGTGACTGCTGGGTGACTTTGGGGGAGGAGAAGGAAGGCCAGCCTCCCGGCCTGATCCCTGGTGCCTGGGGAGGTGAAATGTGTCTTGTGCTG,0
seq_225,GGGACATGCGGTTGGATGCCTGAACCCCAAGGCCCGAGAGAATGTTTGGTCTGGAAAGAGGGGGGAGTCAGGACCACCCCGGCACAGGGGGACAGACTGGGCTCCCCGGTGACTGCTGGGTGACTTTGGGGGAGGAGAAGGAAGGCCAGCCTCCCGGCCTGATCCCTGGTGCCTGGGGAGGTGAAATGTGTCTTGTGCTG,1
seq_145,GGGACATGCGGTTGGATGCCTGAACCCCAAGGCCCGAGAGAATGTTTGGTCTGGAAAGCGGGGGGAGTCAGGACCACCCCGGCACAGGGGGACAGACTGGGCTCCCCGGTGACTGCTGGGTGACTTTGGGGGAGGAGAAGGAAGGCCAGCCTCCCGGCCTGATCCCTGGTGCCTGGGGAGGTGAAATGTGTCTTGTGCTG,0
seq_198,GGGACATGCGGTTGGATGCCTGAACCCCAAGGCCCGAGAGAATGTTTGGTCTGGAAAGCGGGGGGAGTCAGGACCACCCCGGCACAGGGGGACAGACTGGGCTCCCCGGTGACTGCTGGGTGACTTTGGGGGAGGAGAAGGAAGGCCAGCCTCCCGGCCTGATCCCTGGTGCCTGGGGAGGTGAAATGTGTCTTGTGCTG,0
seq_266,GGGACATGCGGTTGGATGCCTGAACCCCAAGGCCCGAGAGAATGTTTGGTCTGGAAAGAGGGGGGAGTCAGGACCACCCCGGCACAGGGGGACAGACTGGGCTCCCCGGTGACTGCTGGGTGACTTTGGGGGAGGAGAAGGAAGGCCAGCCTCCCGGCCTGATCCCTGGTGCCTGGGGAGGTGAAATGTGTCTTGTGCTG,1
seq_235,GGGACATGCGGTTGGATGCCTGAACCCCAAGGCCCGAGAGAATGTTTGGTCTGGAAAGAGGGGGGAGTCAGGACCACCCCGGCACAGGGGGACAGACTGGGCTCCCCGGTGACTGCTGGGTGACTTTGGGGGAGGAGAAGGAAGGCCAGCCTCCCGGCCTGATCCCTGGTGCCTGGGGAGGTGAAATGTGTCTTGTGCTG,1
seq_298,GGGACATGCGGTTGGATGCCTGAACCCCAAGGCCCGAGAGAATGTTTGGTCTGGAAAGAGGGGGGAGTCAGGACCACCCCGGCACAGGGGGACAGACTGGGCTCCCCGGTGACTGCTGGGTGACTTTGGGGGAGGAGAAGGAAGGCCAGCCTCCCGGCCTGATCCCTGGTGCCTGGGGAGGTGAAATGTGTCTTGTGCTG,1
seq_144,GGGACATGCGGTTGGATGCCTGAACCCCAAGGCCCGAGAGAATGTTTGGTCTGGAAAGCGGGGGGAGTCAGGACCACCCCGGCACAGGGGGACAGACTGGGCTCCCCGGTGACTGCTGGGTGACTTTGGGGGAGGAGAAGGAAGGCCAGCCTCCCGGCCTGATCCCTGGTGCCTGGGGAGGTGAAATGTGTCTTGTGCTG,0
seq_299,GGGACATGCGGTTGGATGCCTGAACCCCAAGGCCCGAGAGAATGTTTGGTCTGGAAAGAGGGGGGAGTCAGGACCACCCCGGCACAGGGGGACAGACTGGGCTCCCCGGTGACTGCTGGGTGACTTTGGGGGAGGAGAAGGAAGGCCAGCCTCCCGGCCTGATCCCTGGTGCCTGGGGAGGTGAAATGTGTCTTGTGCTG,1
seq_197,GGGACATGCGGTTGGATGCCTGAACCCCAAGGCCCGAGAGAATGTTTGGTCTGGAAAGCGGGGGGAGTCAGGACCACCCCGGCACAGGGGGACAGACTGGGCTCCCCGGTGACTGCTGGGTGACTTTGGGGGAGGAGAAGGAAGGCCAGCCTCCCGGCCTGATCCCTGGTGCCTGGGGAGGTGAAATGTGTCTTGTGCTG,0
seq_121,GGGACATGCGGTTGGATGCCTGAACCCCAAGGCCCGAGAGAATGTTTGGTCTGGAAAGCGGGGGGAGTCAGGACCACCCCGGCACAGGGGGACAGACTGGGCTCCCCGGTGACTGCTGGGTGACTTTGGGGGAGGAGAAGGAAGGCCAGCCTCCCGGCCTGATCCCTGGTGCCTGGGGAGGTGAAATGTGTCTTGTGCTG,0
seq_210,GGGACATGCGGTTGGATGCCTGAACCCCAAGGCCCGAGAGAATGTTTGGTCTGGAAAGAGGGGGGAGTCAGGACCACCCCGGCACAGGGGGACAGACTGGGCTCCCCGGTGACTGCTGGGTGACTTTGGGGGAGGAGAAGGAAGGCCAGCCTCCCGGCCTGATCCCTGGTGCCTGGGGAGGTGAAATGTGTCTTGTGCTG,1
seq_248,GGGACATGCGGTTGGATGCCTGAACCCCAAGGCCCGAGAGAATGTTTGGTCTGGAAAGAGGGGGGAGTCAGGACCACCCCGGCACAGGGGGACAGACTGGGCTCCCCGGTGACTGCTGGGTGACTTTGGGGGAGGAGAAGGAAGGCCAGCCTCCCGGCCTGATCCCTGGTGCCTGGGGAGGTGAAATGTGTCTTGTGCTG,1
seq_252,GGGACATGCGGTTGGATGCCTGAACCCCAAGGCCCGAGAGAATGTTTGGTCTGGAAAGAGGGGGGAGTCAGGACCACCCCGGCACAGGGGGACAGACTGGGCTCCCCGGTGACTGCTGGGTGACTTTGGGGGAGGAGAAGGAAGGCCAGCCTCCCGGCCTGATCCCTGGTGCCTGGGGAGGTGAAATGTGTCTTGTGCTG,1
seq_102,GGGACATGCGGTTGGATGCCTGAACCCCAAGGCCCGAGAGAATGTTTGGTCTGGAAAGCGGGGGGAGTCAGGACCACCCCGGCACAGGGGGACAGACTGGGCTCCCCGGTGACTGCTGGGTGACTTTGGGGGAGGAGAAGGAAGGCCAGCCTCCCGGCCTGATCCCTGGTGCCTGGGGAGGTGAAATGTGTCTTGTGCTG,0
seq_242,GGGACATGCGGTTGGATGCCTGAACCCCAAGGCCCGAGAGAATGTTTGGTCTGGAAAGAGGGGGGAGTCAGGACCACCCCGGCACAGGGGGACAGACTGGGCTCCCCGGTGACTGCTGGGTGACTTTGGGGGAGGAGAAGGAAGGCCAGCCTCCCGGCCTGATCCCTGGTGCCTGGGGAGGTGAAATGTGTCTTGTGCTG,1
seq_137,GGGACATGCGGTTGGATGCCTGAACCCCAAGGCCCGAGAGAATGTTTGGTCTGGAAAGCGGGGGGAGTCAGGACCACCCCGGCACAGGGGGACAGACTGGGCTCCCCGGTGACTGCTGGGTGACTTTGGGGGAGGAGAAGGAAGGCCAGCCTCCCGGCCTGATCCCTGGTGCCTGGGGAGGTGAAATGTGTCTTGTGCTG,0
seq_261,GGGACATGCGGTTGGATGCCTGAACCCCAAGGCCCGAGAGAATGTTTGGTCTGGAAAGAGGGGGGAGTCAGGACCACCCCGGCACAGGGGGACAGACTGGGCTCCCCGGTGACTGCTGGGTGACTTTGGGGGAGGAGAAGGAAGGCCAGCCTCCCGGCCTGATCCCTGGTGCCTGGGGAGGTGAAATGTGTCTTGTGCTG,1
seq_291,GGGACATGCGGTTGGATGCCTGAACCCCAAGGCCCGAGAGAATGTTTGGTCTGGAAAGAGGGGGGAGTCAGGACCACCCCGGCACAGGGGGACAGACTGGGCTCCCCGGTGACTGCTGGGTGACTTTGGGGGAGGAGAAGGAAGGCCAGCCTCCCGGCCTGATCCCTGGTGCCTGGGGAGGTGAAATGTGTCTTGTGCTG,1
seq_263,GGGACATGCGGTTGGATGCCTGAACCCCAAGGCCCGAGAGAATGTTTGGTCTGGAAAGAGGGGGGAGTCAGGACCACCCCGGCACAGGGGGACAGACTGGGCTCCCCGGTGACTGCTGGGTGACTTTGGGGGAGGAGAAGGAAGGCCAGCCTCCCGGCCTGATCCCTGGTGCCTGGGGAGGTGAAATGTGTCTTGTGCTG,1
seq_113,GGGACATGCGGTTGGATGCCTGAACCCCAAGGCCCGAGAGAATGTTTGGTCTGGAAAGCGGGGGGAGTCAGGACCACCCCGGCACAGGGGGACAGACTGGGCTCCCCGGTGACTGCTGGGTGACTTTGGGGGAGGAGAAGGAAGGCCAGCCTCCCGGCCTGATCCCTGGTGCCTGGGGAGGTGAAATGTGTCTTGTGCTG,0
seq_219,GGGACATGCGGTTGGATGCCTGAACCCCAAGGCCCGAGAGAATGTTTGGTCTGGAAAGAGGGGGGAGTCAGGACCACCCCGGCACAGGGGGACAGACTGGGCTCCCCGGTGACTGCTGGGTGACTTTGGGGGAGGAGAAGGAAGGCCAGCCTCCCGGCCTGATCCCTGGTGCCTGGGGAGGTGAAATGTGTCTTGTGCTG,1
seq_272,GGGACATGCGGTTGGATGCCTGAACCCCAAGGCCCGAGAGAATGTTTGGTCTGGAAAGAGGGGGGAGTCAGGACCACCCCGGCACAGGGGGACAGACTGGGCTCCCCGGTGACTGCTGGGTGACTTTGGGGGAGGAGAAGGAAGGCCAGCCTCCCGGCCTGATCCCTGGTGCCTGGGGAGGTGAAATGTGTCTTGTGCTG,1
seq_188,GGGACATGCGGTTGGATGCCTGAACCCCAAGGCCCGAGAGAATGTTTGGTCTGGAAAGCGGGGGGAGTCAGGACCACCCCGGCACAGGGGGACAGACTGGGCTCCCCGGTGACTGCTGGGTGACTTTGGGGGAGGAGAAGGAAGGCCAGCCTCCCGGCCTGATCCCTGGTGCCTGGGGAGGTGAAATGTGTCTTGTGCTG,0
seq_105,GGGACATGCGGTTGGATGCCTGAACCCCAAGGCCCGAGAGAATGTTTGGTCTGGAAAGCGGGGGGAGTCAGGACCACCCCGGCACAGGGGGACAGACTGGGCTCCCCGGTGACTGCTGGGTGACTTTGGGGGAGGAGAAGGAAGGCCAGCCTCCCGGCCTGATCCCTGGTGCCTGGGGAGGTGAAATGTGTCTTGTGCTG,0
seq_220,GGGACATGCGGTTGGATGCCTGAACCCCAAGGCCCGAGAGAATGTTTGGTCTGGAAAGAGGGGGGAGTCAGGACCACCCCGGCACAGGGGGACAGACTGGGCTCCCCGGTGACTGCTGGGTGACTTTGGGGGAGGAGAAGGAAGGCCAGCCTCCCGGCCTGATCCCTGGTGCCTGGGGAGGTGAAATGTGTCTTGTGCTG,1
seq_283,GGGACATGCGGTTGGATGCCTGAACCCCAAGGCCCGAGAGAATGTTTGGTCTGGAAAGAGGGGGGAGTCAGGACCACCCCGGCACAGGGGGACAGACTGGGCTCCCCGGTGACTGCTGGGTGACTTTGGGGGAGGAGAAGGAAGGCCAGCCTCCCGGCCTGATCCCTGGTGCCTGGGGAGGTGAAATGTGTCTTGTGCTG,1
seq_190,GGGACATGCGGTTGGATGCCTGAACCCCAAGGCCCGAGAGAATGTTTGGTCTGGAAAGCGGGGGGAGTCAGGACCACCCCGGCACAGGGGGACAGACTGGGCTCCCCGGTGACTGCTGGGTGACTTTGGGGGAGGAGAAGGAAGGCCAGCCTCCCGGCCTGATCCCTGGTGCCTGGGGAGGTGAAATGTGTCTTGTGCTG,0
seq_176,GGGACATGCGGTTGGATGCCTGAACCCCAAGGCCCGAGAGAATGTTTGGTCTGGAAAGCGGGGGGAGTCAGGACCACCCCGGCACAGGGGGACAGACTGGGCTCCCCGGTGACTGCTGGGTGACTTTGGGGGAGGAGAAGGAAGGCCAGCCTCCCGGCCTGATCCCTGGTGCCTGGGGAGGTGAAATGTGTCTTGTGCTG,0
seq_178,GGGACATGCGGTTGGATGCCTGAACCCCAAGGCCCGAGAGAATGTTTGGTCTGGAAAGCGGGGGGAGTCAGGACCACCCCGGCACAGGGGGACAGACTGGGCTCCCCGGTGACTGCTGGGTGACTTTGGGGGAGGAGAAGGAAGGCCAGCCTCCCGGCCTGATCCCTGGTGCCTGGGGAGGTGAAATGTGTCTTGTGCTG,0
seq_204,GGGACATGCGGTTGGATGCCTGAACCCCAAGGCCCGAGAGAATGTTTGGTCTGGAAAGAGGGGGGAGTCAGGACCACCCCGGCACAGGGGGACAGACTGGGCTCCCCGGTGACTGCTGGGTGACTTTGGGGGAGGAGAAGGAAGGCCAGCCTCCCGGCCTGATCCCTGGTGCCTGGGGAGGTGAAATGTGTCTTGTGCTG,1
seq_192,GGGACATGCGGTTGGATGCCTGAACCCCAAGGCCCGAGAGAATGTTTGGTCTGGAAAGCGGGGGGAGTCAGGACCACCCCGGCACAGGGGGACAGACTGGGCTCCCCGGTGACTGCTGGGTGACTTTGGGGGAGGAGAAGGAAGGCCAGCCTCCCGGCCTGATCCCTGGTGCCTGGGGAGGTGAAATGTGTCTTGTGCTG,0
seq_245,GGGACATGCGGTTGGATGCCTGAACCCCAAGGCCCGAGAGAATGTTTGGTCTGGAAAGAGGGGGGAGTCAGGACCACCCCGGCACAGGGGGACAGACTGGGCTCCCCGGTGACTGCTGGGTGACTTTGGGGGAGGAGAAGGAAGGCCAGCCTCCCGGCCTGATCCCTGGTGCCTGGGGAGGTGAAATGTGTCTTGTGCTG,1
seq_234,GGGACATGCGGTTGGATGCCTGAACCCCAAGGCCCGAGAGAATGTTTGGTCTGGAAAGAGGGGGGAGTCAGGACCACCCCGGCACAGGGGGACAGACTGGGCTCCCCGGTGACTGCTGGGTGACTTTGGGGGAGGAGAAGGAAGGCCAGCCTCCCGGCCTGATCCCTGGTGCCTGGGGAGGTGAAATGTGTCTTGTGCTG,1
seq_213,GGGACATGCGGTTGGATGCCTGAACCCCAAGGCCCGAGAGAATGTTTGGTCTGGAAAGAGGGGGGAGTCAGGACCACCCCGGCACAGGGGGACAGACTGGGCTCCCCGGTGACTGCTGGGTGACTTTGGGGGAGGAGAAGGAAGGCCAGCCTCCCGGCCTGATCCCTGGTGCCTGGGGAGGTGAAATGTGTCTTGTGCTG,1
seq_289,GGGACATGCGGTTGGATGCCTGAACCCCAAGGCCCGAGAGAATGTTTGGTCTGGAAAGAGGGGGGAGTCAGGACCACCCCGGCACAGGGGGACAGACTGGGCTCCCCGGTGACTGCTGGGTGACTTTGGGGGAGGAGAAGGAAGGCCAGCCTCCCGGCCTGATCCCTGGTGCCTGGGGAGGTGAAATGTGTCTTGTGCTG,1
seq_193,GGGACATGCGGTTGGATGCCTGAACCCCAAGGCCCGAGAGAATGTTTGGTCTGGAAAGCGGGGGGAGTCAGGACCACCCCGGCACAGGGGGACAGACTGGGCTCCCCGGTGACTGCTGGGTGACTTTGGGGGAGGAGAAGGAAGGCCAGCCTCCCGGCCTGATCCCTGGTGCCTGGGGAGGTGAAATGTGTCTTGTGCTG,0
seq_249,GGGACATGCGGTTGGATGCCTGAACCCCAAGGCCCGAGAGAATGTTTGGTCTGGAAAGAGGGGGGAGTCAGGACCACCCCGGCACAGGGGGACAGACTGGGCTCCCCGGTGACTGCTGGGTGACTTTGGGGGAGGAGAAGGAAGGCCAGCCTCCCGGCCTGATCCCTGGTGCCTGGGGAGGTGAAATGTGTCTTGTGCTG,1
seq_189,GGGACATGCGGTTGGATGCCTGAACCCCAAGGCCCGAGAGAATGTTTGGTCTGGAAAGCGGGGGGAGTCAGGACCACCCCGGCACAGGGGGACAGACTGGGCTCCCCGGTGACTGCTGGGTGACTTTGGGGGAGGAGAAGGAAGGCCAGCCTCCCGGCCTGATCCCTGGTGCCTGGGGAGGTGAAATGTGTCTTGTGCTG,0
seq_238,GGGACATGCGGTTGGATGCCTGAACCCCAAGGCCCGAGAGAATGTTTGGTCTGGAAAGAGGGGGGAGTCAGGACCACCCCGGCACAGGGGGACAGACTGGGCTCCCCGGTGACTGCTGGGTGACTTTGGGGGAGGAGAAGGAAGGCCAGCCTCCCGGCCTGATCCCTGGTGCCTGGGGAGGTGAAATGTGTCTTGTGCTG,1
seq_133,GGGACATGCGGTTGGATGCCTGAACCCCAAGGCCCGAGAGAATGTTTGGTCTGGAAAGCGGGGGGAGTCAGGACCACCCCGGCACAGGGGGACAGACTGGGCTCCCCGGTGACTGCTGGGTGACTTTGGGGGAGGAGAAGGAAGGCCAGCCTCCCGGCCTGATCCCTGGTGCCTGGGGAGGTGAAATGTGTCTTGTGCTG,0
seq_232,GGGACATGCGGTTGGATGCCTGAACCCCAAGGCCCGAGAGAATGTTTGGTCTGGAAAGAGGGGGGAGTCAGGACCACCCCGGCACAGGGGGACAGACTGGGCTCCCCGGTGACTGCTGGGTGACTTTGGGGGAGGAGAAGGAAGGCCAGCCTCCCGGCCTGATCCCTGGTGCCTGGGGAGGTGAAATGTGTCTTGTGCTG,1
seq_290,GGGACATGCGGTTGGATGCCTGAACCCCAAGGCCCGAGAGAATGTTTGGTCTGGAAAGAGGGGGGAGTCAGGACCACCCCGGCACAGGGGGACAGACTGGGCTCCCCGGTGACTGCTGGGTGACTTTGGGGGAGGAGAAGGAAGGCCAGCCTCCCGGCCTGATCCCTGGTGCCTGGGGAGGTGAAATGTGTCTTGTGCTG,1
seq_287,GGGACATGCGGTTGGATGCCTGAACCCCAAGGCCCGAGAGAATGTTTGGTCTGGAAAGAGGGGGGAGTCAGGACCACCCCGGCACAGGGGGACAGACTGGGCTCCCCGGTGACTGCTGGGTGACTTTGGGGGAGGAGAAGGAAGGCCAGCCTCCCGGCCTGATCCCTGGTGCCTGGGGAGGTGAAATGTGTCTTGTGCTG,1
seq_223,GGGACATGCGGTTGGATGCCTGAACCCCAAGGCCCGAGAGAATGTTTGGTCTGGAAAGAGGGGGGAGTCAGGACCACCCCGGCACAGGGGGACAGACTGGGCTCCCCGGTGACTGCTGGGTGACTTTGGGGGAGGAGAAGGAAGGCCAGCCTCCCGGCCTGATCCCTGGTGCCTGGGGAGGTGAAATGTGTCTTGTGCTG,1
seq_107,GGGACATGCGGTTGGATGCCTGAACCCCAAGGCCCGAGAGAATGTTTGGTCTGGAAAGCGGGGGGAGTCAGGACCACCCCGGCACAGGGGGACAGACTGGGCTCCCCGGTGACTGCTGGGTGACTTTGGGGGAGGAGAAGGAAGGCCAGCCTCCCGGCCTGATCCCTGGTGCCTGGGGAGGTGAAATGTGTCTTGTGCTG,0
seq_273,GGGACATGCGGTTGGATGCCTGAACCCCAAGGCCCGAGAGAATGTTTGGTCTGGAAAGAGGGGGGAGTCAGGACCACCCCGGCACAGGGGGACAGACTGGGCTCCCCGGTGACTGCTGGGTGACTTTGGGGGAGGAGAAGGAAGGCCAGCCTCCCGGCCTGATCCCTGGTGCCTGGGGAGGTGAAATGTGTCTTGTGCTG,1
seq_222,GGGACATGCGGTTGGATGCCTGAACCCCAAGGCCCGAGAGAATGTTTGGTCTGGAAAGAGGGGGGAGTCAGGACCACCCCGGCACAGGGGGACAGACTGGGCTCCCCGGTGACTGCTGGGTGACTTTGGGGGAGGAGAAGGAAGGCCAGCCTCCCGGCCTGATCCCTGGTGCCTGGGGAGGTGAAATGTGTCTTGTGCTG,1